sigla_uf,cod_ibge_uf,nome_uf,produto,ano,lavoura,area_plantada_ha,area_colhida_ha,producao_t,rendimento_kg_ha,valor_producao_mil_brl,peso_producao_uf
AC,12,Acre,arroz,2014,temporaria,7109,6154,7490,1217.0,4883,0.0006151646546922279
AL,27,Alagoas,arroz,2014,temporaria,2751,2751,16809,6110.0,10264,0.0013805477544354685
AM,13,Amazonas,arroz,2014,temporaria,2961,2754,7114,2583.0,8255,0.000584283224763753
AP,16,Amapá,arroz,2014,temporaria,2019,1900,2173,1144.0,1330,0.00017847166817706428
BA,29,Bahia,arroz,2014,temporaria,9275,9275,10214,1101.0,7692,0.0008388907587485202
CE,23,Ceará,arroz,2014,temporaria,13225,13201,39798,3015.0,30049,0.003268667947588957
DF,53,Distrito Federal,arroz,2014,temporaria,,,,,,
ES,32,Espírito Santo,arroz,2014,temporaria,536,535,1369,2559.0,1214,0.00011243797226617624
GO,52,Goiás,arroz,2014,temporaria,32266,32216,126941,3940.0,88761,0.010425849990825915
MA,21,Maranhão,arroz,2014,temporaria,389418,389418,586998,1507.0,409823,0.04821100426902916
MG,31,Minas Gerais,arroz,2014,temporaria,19329,17759,38688,2179.0,30124,0.003177502024129895
MS,50,Mato Grosso do Sul,arroz,2014,temporaria,15003,15003,94020,6267.0,63926,0.007722000111370263
MT,51,Mato Grosso,arroz,2014,temporaria,180935,180680,581439,3218.0,366592,0.04775443546857067
PA,15,Pará,arroz,2014,temporaria,80126,80039,192072,2400.0,123004,0.015775154279845875
PB,25,Paraíba,arroz,2014,temporaria,1862,1562,1009,646.0,1038,8.287064573891295e-05
PE,26,Pernambuco,arroz,2014,temporaria,560,558,3157,5658.0,3544,0.00025928902735158395
PI,22,Piauí,arroz,2014,temporaria,105941,104079,144309,1387.0,113287,0.011852309232841219
PR,41,Paraná,arroz,2014,temporaria,29517,29059,164956,5677.0,143348,0.013548077540642344
RJ,33,Rio de Janeiro,arroz,2014,temporaria,841,826,2858,3460.0,2379,0.00023473172004144025
RN,24,Rio Grande do Norte,arroz,2014,temporaria,1697,1681,3910,2326.0,5282,0.0003211340186711096
RO,11,Rondônia,arroz,2014,temporaria,47820,47795,134834,2821.0,88781,0.011074113624936164
RR,14,Roraima,arroz,2014,temporaria,12000,12000,78612,6551.0,58124,0.006456518536003394
RS,43,Rio Grande do Sul,arroz,2014,temporaria,1114132,1113532,8241840,7402.0,5663989,0.6769143735151658
SC,42,Santa Catarina,arroz,2014,temporaria,149869,149869,1082441,7223.0,736588,0.08890246248193724
SE,28,Sergipe,arroz,2014,temporaria,5794,5768,41714,7232.0,25378,0.003426031829884058
SP,35,São Paulo,arroz,2014,temporaria,13734,13724,59802,4357.0,44734,0.004911625724953887
TO,17,Tocantins,arroz,2014,temporaria,108740,108740,511035,4700.0,333294,0.04197205197738888
AC,12,Acre,arroz,2015,temporaria,6089,5327,7144,1341.0,5057,0.0005807563017627303
AL,27,Alagoas,arroz,2015,temporaria,3041,3041,17301,5689.0,10502,0.0014064480370656492
AM,13,Amazonas,arroz,2015,temporaria,1964,1954,4099,2098.0,4306,0.0003332194962101668
AP,16,Amapá,arroz,2015,temporaria,1656,1650,1600,970.0,1041,0.0001300686006187526
BA,29,Bahia,arroz,2015,temporaria,7540,7540,8357,1108.0,6384,0.0006793645596068222
CE,23,Ceará,arroz,2015,temporaria,8898,8801,24601,2795.0,20688,0.001999886027388708
DF,53,Distrito Federal,arroz,2015,temporaria,,,,,,
ES,32,Espírito Santo,arroz,2015,temporaria,349,305,782,2564.0,870,6.357102855241533e-05
GO,52,Goiás,arroz,2015,temporaria,25558,25258,108938,4313.0,63666,0.008855883258878544
MA,21,Maranhão,arroz,2015,temporaria,239004,239004,314486,1316.0,224903,0.02556547120886814
MG,31,Minas Gerais,arroz,2015,temporaria,11415,10139,24568,2423.0,20616,0.001997203362500946
MS,50,Mato Grosso do Sul,arroz,2015,temporaria,16151,16151,99287,6147.0,70262,0.008071325718521306
MT,51,Mato Grosso,arroz,2015,temporaria,187817,187757,607759,3237.0,409357,0.049406476652157784
PA,15,Pará,arroz,2015,temporaria,66255,66255,168368,2541.0,109799,0.013687118843111336
PB,25,Paraíba,arroz,2015,temporaria,1129,977,360,368.0,401,2.9265435139219333e-05
PE,26,Pernambuco,arroz,2015,temporaria,324,305,1825,5984.0,1839,0.00014835949758076468
PI,22,Piauí,arroz,2015,temporaria,91183,77237,99945,1294.0,77699,0.008124816430525768
PR,41,Paraná,arroz,2015,temporaria,27609,27594,163907,5940.0,134635,0.013324471326011176
RJ,33,Rio de Janeiro,arroz,2015,temporaria,354,214,690,3224.0,678,5.609208401683706e-05
RN,24,Rio Grande do Norte,arroz,2015,temporaria,933,866,2432,2808.0,4000,0.00019770427294050393
RO,11,Rondônia,arroz,2015,temporaria,43574,43569,122321,2808.0,76357,0.009943825810179023
RR,14,Roraima,arroz,2015,temporaria,7964,7964,53003,6655.0,64905,0.00430876627412234
RS,43,Rio Grande do Sul,arroz,2015,temporaria,1127916,1121675,8679489,7738.0,6121135,0.7055806176974102
SC,42,Santa Catarina,arroz,2015,temporaria,148706,148705,1081537,7273.0,738792,0.08792125256712739
SE,28,Sergipe,arroz,2015,temporaria,4724,4087,25164,6157.0,16831,0.0020456539162314316
SP,35,São Paulo,arroz,2015,temporaria,12199,12196,62022,5085.0,44592,0.005041946717235171
TO,17,Tocantins,arroz,2015,temporaria,119826,119826,621216,5184.0,432981,0.05050043487623688
AC,12,Acre,arroz,2016,temporaria,4986,4884,6375,1305.0,5272,0.0006001587808313333
AL,27,Alagoas,arroz,2016,temporaria,2743,2733,15249,5580.0,13614,0.0014355798037485495
AM,13,Amazonas,arroz,2016,temporaria,361,357,819,2294.0,1041,7.710275160797835e-05
AP,16,Amapá,arroz,2016,temporaria,1470,1367,1312,960.0,1076,0.0001235150306589348
BA,29,Bahia,arroz,2016,temporaria,7074,7074,7247,1024.0,6035,0.0006822510877936742
CE,23,Ceará,arroz,2016,temporaria,6143,6050,14373,2376.0,16443,0.001353110926570785
DF,53,Distrito Federal,arroz,2016,temporaria,,,,,,
ES,32,Espírito Santo,arroz,2016,temporaria,198,198,491,2480.0,531,4.622399394324465e-05
GO,52,Goiás,arroz,2016,temporaria,23662,22705,108194,4765.0,84650,0.01018565947188475
MA,21,Maranhão,arroz,2016,temporaria,168407,159414,152216,955.0,131284,0.014330002977728979
MG,31,Minas Gerais,arroz,2016,temporaria,7424,6143,15283,2488.0,14180,0.0014387806505796498
MS,50,Mato Grosso do Sul,arroz,2016,temporaria,14887,13267,75871,5719.0,60344,0.007142689703600642
MT,51,Mato Grosso,arroz,2016,temporaria,174263,169414,501045,2958.0,394247,0.04716965589672713
PA,15,Pará,arroz,2016,temporaria,72973,72766,181660,2496.0,149324,0.017101936333461965
PB,25,Paraíba,arroz,2016,temporaria,823,738,144,195.0,273,1.3556527755248942e-05
PE,26,Pernambuco,arroz,2016,temporaria,359,342,2207,6453.0,5899,0.0002077726163599612
PI,22,Piauí,arroz,2016,temporaria,75681,60849,43488,715.0,39165,0.004094071382085181
PR,41,Paraná,arroz,2016,temporaria,25673,25673,119001,4635.0,104651,0.011203058051405411
RJ,33,Rio de Janeiro,arroz,2016,temporaria,251,251,856,3410.0,905,8.058602610064648e-05
RN,24,Rio Grande do Norte,arroz,2016,temporaria,808,739,3244,4390.0,4347,0.00030539844470852474
RO,11,Rondônia,arroz,2016,temporaria,43980,43848,138175,3151.0,95252,0.01300814737903835
RR,14,Roraima,arroz,2016,temporaria,9878,9878,67556,6839.0,60857,0.006359894368288871
RS,43,Rio Grande do Sul,arroz,2016,temporaria,1088566,1062487,7493431,7053.0,6019578,0.7054507314829364
SC,42,Santa Catarina,arroz,2016,temporaria,147483,147436,1050859,7128.0,917610,0.09893055000245242
SE,28,Sergipe,arroz,2016,temporaria,4580,4580,33058,7218.0,26299,0.003112164545368191
SP,35,São Paulo,arroz,2016,temporaria,10996,10996,60860,5535.0,55606,0.005729515827669796
TO,17,Tocantins,arroz,2016,temporaria,110974,109749,529175,4822.0,517447,0.049817885936693465
AC,12,Acre,arroz,2017,temporaria,4680,4680,6259,1337.0,5225,0.0005021353790355952
AL,27,Alagoas,arroz,2017,temporaria,3775,2548,16229,6369.0,11880,0.0013019899450980468
AM,13,Amazonas,arroz,2017,temporaria,322,316,744,2354.0,1071,5.968824444839157e-05
AP,16,Amapá,arroz,2017,temporaria,1497,1433,1370,956.0,1140,0.00010990980496545223
BA,29,Bahia,arroz,2017,temporaria,1022,1017,1729,1700.0,1906,0.00013871098743450138
CE,23,Ceará,arroz,2017,temporaria,6716,6716,19799,2948.0,19794,0.0015883972470883128
DF,53,Distrito Federal,arroz,2017,temporaria,,,,,,
ES,32,Espírito Santo,arroz,2017,temporaria,93,93,229,2462.0,230,1.837178491758289e-05
GO,52,Goiás,arroz,2017,temporaria,21784,21708,123955,5710.0,114427,0.009944430565323088
MA,21,Maranhão,arroz,2017,temporaria,155584,155584,244573,1572.0,214593,0.019621146518113537
MG,31,Minas Gerais,arroz,2017,temporaria,3694,3358,8406,2503.0,9210,0.0006743808909048112
MS,50,Mato Grosso do Sul,arroz,2017,temporaria,15342,15342,98992,6452.0,68048,0.00794174555703653
MT,51,Mato Grosso,arroz,2017,temporaria,206217,206217,647799,3141.0,405102,0.05197041003417152
PA,15,Pará,arroz,2017,temporaria,68434,68434,187561,2741.0,137665,0.015047294108850499
PB,25,Paraíba,arroz,2017,temporaria,1067,973,599,616.0,1105,4.805545487175612e-05
PE,26,Pernambuco,arroz,2017,temporaria,651,644,3779,5868.0,10520,0.0003031745642076233
PI,22,Piauí,arroz,2017,temporaria,68044,68044,106093,1559.0,97132,0.008511431341751622
PR,41,Paraná,arroz,2017,temporaria,25572,25572,165820,6484.0,142813,0.013303097707570282
RJ,33,Rio de Janeiro,arroz,2017,temporaria,340,340,1888,5553.0,1861,0.00015146694290129472
RN,24,Rio Grande do Norte,arroz,2017,temporaria,851,811,3415,4211.0,4418,0.0002739722510635178
RO,11,Rondônia,arroz,2017,temporaria,36726,36726,104749,2852.0,73498,0.008403607416296463
RR,14,Roraima,arroz,2017,temporaria,9918,9918,70160,7074.0,52552,0.005628665632391334
RS,43,Rio Grande do Sul,arroz,2017,temporaria,1104732,1102017,8733110,7925.0,6912342,0.7006236619283507
SC,42,Santa Catarina,arroz,2017,temporaria,146796,146796,1127067,7678.0,917490,0.09042022930875718
SE,28,Sergipe,arroz,2017,temporaria,4745,4745,37190,7838.0,30470,0.0029836099610694657
SP,35,São Paulo,arroz,2017,temporaria,10718,10718,59118,5516.0,46909,0.0047428086495967916
TO,17,Tocantins,arroz,2017,temporaria,111452,111452,694133,6228.0,475468,0.05568760777378412
AC,12,Acre,arroz,2018,temporaria,4372,4372,6201,1418.0,5297,0.0005251341162554288
AL,27,Alagoas,arroz,2018,temporaria,3092,3092,19841,6417.0,12996,0.0016802428641548076
AM,13,Amazonas,arroz,2018,temporaria,548,545,1224,2246.0,1498,0.00010365491989947506
AP,16,Amapá,arroz,2018,temporaria,854,810,835,1031.0,715,7.071230238240332e-05
BA,29,Bahia,arroz,2018,temporaria,449,449,635,1414.0,765,5.377522396745642e-05
CE,23,Ceará,arroz,2018,temporaria,6535,6534,17840,2730.0,17551,0.001510787394613264
DF,53,Distrito Federal,arroz,2018,temporaria,,,,,,
ES,32,Espírito Santo,arroz,2018,temporaria,119,119,376,3160.0,397,3.184170742010018e-05
GO,52,Goiás,arroz,2018,temporaria,27093,25418,111852,4401.0,90068,0.009472230474343205
MA,21,Maranhão,arroz,2018,temporaria,130101,130101,206634,1588.0,162714,0.017498881305970694
MG,31,Minas Gerais,arroz,2018,temporaria,3084,2958,7232,2445.0,7871,0.0006124447554844801
MS,50,Mato Grosso do Sul,arroz,2018,temporaria,12796,12586,81496,6475.0,59001,0.006901520712522565
MT,51,Mato Grosso,arroz,2018,temporaria,155776,155776,502090,3223.0,354690,0.04251968850680345
PA,15,Pará,arroz,2018,temporaria,39031,39031,114035,2922.0,78172,0.009657098685242352
PB,25,Paraíba,arroz,2018,temporaria,1588,1568,1852,1181.0,2369,0.00015683734612240833
PE,26,Pernambuco,arroz,2018,temporaria,556,556,3314,5960.0,7273,0.0002806473893356702
PI,22,Piauí,arroz,2018,temporaria,65396,64547,109373,1694.0,97348,0.009262295387389938
PR,41,Paraná,arroz,2018,temporaria,23904,23904,137328,5745.0,120803,0.011629675522839143
RJ,33,Rio de Janeiro,arroz,2018,temporaria,319,109,379,3477.0,543,3.2095763596324386e-05
RN,24,Rio Grande do Norte,arroz,2018,temporaria,859,859,3045,3545.0,4055,0.00025786701886756664
RO,11,Rondônia,arroz,2018,temporaria,39063,39063,109651,2807.0,78230,0.009285837926386716
RR,14,Roraima,arroz,2018,temporaria,10062,10062,72664,7222.0,54641,0.006153579329718509
RS,43,Rio Grande do Sul,arroz,2018,temporaria,1068311,1067581,8401787,7870.0,6086049,0.7115086262234075
SC,42,Santa Catarina,arroz,2018,temporaria,142919,142919,1090063,7627.0,779693,0.09231241254116133
SE,28,Sergipe,arroz,2018,temporaria,3997,3997,31737,7940.0,24065,0.0026876602882758495
SP,35,São Paulo,arroz,2018,temporaria,12201,11898,58928,4953.0,46871,0.004990340784179956
TO,17,Tocantins,arroz,2018,temporaria,123301,123301,718000,5823.0,598217,0.060804111509659385
AC,12,Acre,arroz,2019,temporaria,3850,3750,4540,1211.0,4069,0.0004378588163788902
AL,27,Alagoas,arroz,2019,temporaria,3008,3008,20177,6708.0,16619,0.0019459641713825701
AM,13,Amazonas,arroz,2019,temporaria,494,488,1100,2254.0,1421,0.00010608914053233023
AP,16,Amapá,arroz,2019,temporaria,825,825,820,994.0,730,7.908463203319163e-05
BA,29,Bahia,arroz,2019,temporaria,317,317,471,1486.0,453,4.542544108247958e-05
CE,23,Ceará,arroz,2019,temporaria,5250,5250,15877,3024.0,16486,0.00153125207657437
DF,53,Distrito Federal,arroz,2019,temporaria,,,,,,
ES,32,Espírito Santo,arroz,2019,temporaria,98,98,353,3602.0,544,3.404496964355688e-05
GO,52,Goiás,arroz,2019,temporaria,40547,40347,165383,4099.0,165362,0.01595030938968943
MA,21,Maranhão,arroz,2019,temporaria,91832,91707,155552,1696.0,121815,0.015002161807350029
MG,31,Minas Gerais,arroz,2019,temporaria,3084,2690,7438,2765.0,8019,0.0007173554793449748
MS,50,Mato Grosso do Sul,arroz,2019,temporaria,9542,9542,53825,5641.0,44982,0.0051911345355933405
MT,51,Mato Grosso,arroz,2019,temporaria,136797,136757,444634,3251.0,401172,0.04288258082859284
PA,15,Pará,arroz,2019,temporaria,38241,38241,94508,2471.0,75186,0.009114793175844968
PB,25,Paraíba,arroz,2019,temporaria,2187,2186,2073,948.0,2663,0.0001999298075668369
PE,26,Pernambuco,arroz,2019,temporaria,504,504,3022,5996.0,4522,0.00029145580244427453
PI,22,Piauí,arroz,2019,temporaria,46513,46248,78444,1696.0,70763,0.0075655059453801025
PR,41,Paraná,arroz,2019,temporaria,23121,23121,138446,5988.0,117867,0.013352379227399083
RJ,33,Rio de Janeiro,arroz,2019,temporaria,286,243,627,2580.0,657,6.047081010342823e-05
RN,24,Rio Grande do Norte,arroz,2019,temporaria,885,863,3053,3538.0,5488,0.000294445587313822
RO,11,Rondônia,arroz,2019,temporaria,43325,43325,123940,2861.0,86198,0.01195335279779728
RR,14,Roraima,arroz,2019,temporaria,12400,12400,97655,7875.0,75247,0.009418304562440645
RS,43,Rio Grande do Sul,arroz,2019,temporaria,982886,966937,7172101,7417.0,6014801,0.6917109371827874
SC,42,Santa Catarina,arroz,2019,temporaria,143072,143072,1062159,7424.0,861656,0.10243957765334485
SE,28,Sergipe,arroz,2019,temporaria,3631,3631,28159,7755.0,22497,0.0027157855529544427
SP,35,São Paulo,arroz,2019,temporaria,11491,11491,57374,4993.0,54076,0.005533416680819922
TO,17,Tocantins,arroz,2019,temporaria,123022,123022,636908,5177.0,591720,0.06142638392560489
AC,12,Acre,arroz,2020,temporaria,3762,3757,4626,1231.0,4160,0.00041709452817240914
AL,27,Alagoas,arroz,2020,temporaria,2344,2344,16072,6857.0,14804,0.0014491014389941548
AM,13,Amazonas,arroz,2020,temporaria,783,764,1680,2199.0,3521,0.00015147401801332628
AP,16,Amapá,arroz,2020,temporaria,867,844,835,989.0,716,7.528619347686158e-05
BA,29,Bahia,arroz,2020,temporaria,480,480,744,1550.0,1218,6.708135083447308e-05
CE,23,Ceará,arroz,2020,temporaria,5269,5269,16394,3111.0,24943,0.0014781339591133757
DF,53,Distrito Federal,arroz,2020,temporaria,,,,,,
ES,32,Espírito Santo,arroz,2020,temporaria,91,91,345,3791.0,745,3.1106271556308076e-05
GO,52,Goiás,arroz,2020,temporaria,28461,28461,144419,5074.0,160955,0.013021265599682481
MA,21,Maranhão,arroz,2020,temporaria,90977,90977,154856,1702.0,130729,0.01396229793659027
MG,31,Minas Gerais,arroz,2020,temporaria,2785,2544,7936,3119.0,9947,0.000715534408901046
MS,50,Mato Grosso do Sul,arroz,2020,temporaria,9410,9410,51298,5451.0,48575,0.00462518700955215
MT,51,Mato Grosso,arroz,2020,temporaria,116625,116625,378442,3245.0,390906,0.034121506145832876
PA,15,Pará,arroz,2020,temporaria,43542,43532,112470,2584.0,93926,0.010140644527356434
PB,25,Paraíba,arroz,2020,temporaria,1919,1919,2772,1445.0,4611,0.0002499321297219884
PE,26,Pernambuco,arroz,2020,temporaria,604,604,3622,5997.0,9202,0.00032657076978825466
PI,22,Piauí,arroz,2020,temporaria,54198,54056,103759,1919.0,106143,0.009355233711336144
PR,41,Paraná,arroz,2020,temporaria,20905,20905,150967,7222.0,152578,0.013611653617510613
RJ,33,Rio de Janeiro,arroz,2020,temporaria,34,34,114,3353.0,267,1.0278594079475713e-05
RN,24,Rio Grande do Norte,arroz,2020,temporaria,878,872,3154,3617.0,4796,0.00028437443619882803
RO,11,Rondônia,arroz,2020,temporaria,40859,40859,112848,2762.0,97989,0.010174726181409431
RR,14,Roraima,arroz,2020,temporaria,10310,10310,71054,6892.0,120629,0.006406449330904099
RS,43,Rio Grande do Sul,arroz,2020,temporaria,951397,949613,7753663,8165.0,7683676,0.6990943386495604
SC,42,Santa Catarina,arroz,2020,temporaria,148938,148938,1215651,8162.0,1355949,0.10960686992376079
SE,28,Sergipe,arroz,2020,temporaria,4620,4620,34153,7392.0,35106,0.003079340557862579
SP,35,São Paulo,arroz,2020,temporaria,11307,11307,59038,5221.0,79751,0.005323049449684975
TO,17,Tocantins,arroz,2020,temporaria,128570,128570,690099,5367.0,1095857,0.06222146926010622
AC,12,Acre,arroz,2021,temporaria,3637,3637,4473,1230.0,4395,0.0003835993072400617
AL,27,Alagoas,arroz,2021,temporaria,3440,3440,24436,7103.0,37579,0.0020956031012113008
AM,13,Amazonas,arroz,2021,temporaria,523,506,1147,2267.0,2738,9.836539356234089e-05
AP,16,Amapá,arroz,2021,temporaria,842,820,815,994.0,717,6.989345750070429e-05
BA,29,Bahia,arroz,2021,temporaria,477,477,732,1535.0,1348,6.277547348529514e-05
CE,23,Ceará,arroz,2021,temporaria,5633,5629,19362,3440.0,32095,0.001660462728992192
DF,53,Distrito Federal,arroz,2021,temporaria,,,,,,
ES,32,Espírito Santo,arroz,2021,temporaria,98,98,371,3786.0,736,3.1816530960443305e-05
GO,52,Goiás,arroz,2021,temporaria,25814,25515,124510,4880.0,163623,0.010677833611549316
MA,21,Maranhão,arroz,2021,temporaria,96544,96544,168014,1740.0,227116,0.014408686341746418
MG,31,Minas Gerais,arroz,2021,temporaria,2679,2601,8302,3192.0,12426,0.0007119699192280332
MS,50,Mato Grosso do Sul,arroz,2021,temporaria,10222,10222,67115,6566.0,98459,0.005755704785472109
MT,51,Mato Grosso,arroz,2021,temporaria,122627,122427,392293,3204.0,592139,0.033642594016348205
PA,15,Pará,arroz,2021,temporaria,44696,44696,113734,2545.0,139219,0.009753696313355953
PB,25,Paraíba,arroz,2021,temporaria,1953,1953,3651,1869.0,6968,0.0003131055378344434
PE,26,Pernambuco,arroz,2021,temporaria,804,804,5772,7179.0,7233,0.0004950000450233929
PI,22,Piauí,arroz,2021,temporaria,56382,55755,97188,1743.0,127233,0.008334730487826318
PR,41,Paraná,arroz,2021,temporaria,21253,21171,152890,7222.0,193761,0.013111669591757889
RJ,33,Rio de Janeiro,arroz,2021,temporaria,295,295,785,2661.0,1966,6.73206921939299e-05
RN,24,Rio Grande do Norte,arroz,2021,temporaria,900,900,3241,3601.0,3526,0.0002779444119751934
RO,11,Rondônia,arroz,2021,temporaria,40041,40041,114942,2871.0,140972,0.009857292996375402
RR,14,Roraima,arroz,2021,temporaria,12210,12210,83830,6866.0,140752,0.00718916385556324
RS,43,Rio Grande do Sul,arroz,2021,temporaria,949611,949611,8295840,8736.0,14097941,0.7114416447517089
SC,42,Santa Catarina,arroz,2021,temporaria,147794,147791,1195939,8092.0,1931368,0.10256234560728196
SE,28,Sergipe,arroz,2021,temporaria,6126,6126,51227,8362.0,69783,0.004393168279004391
SP,35,São Paulo,arroz,2021,temporaria,10842,10842,58791,5423.0,81882,0.005041848171685775
TO,17,Tocantins,arroz,2021,temporaria,125084,125079,671205,5366.0,1022503,0.057561764591116844
AC,12,Acre,arroz,2022,temporaria,3705,3635,4605,1267.0,4869,0.000427418254518521
AL,27,Alagoas,arroz,2022,temporaria,2423,2154,14613,6784.0,23480,0.0013563220311138212
AM,13,Amazonas,arroz,2022,temporaria,1065,1058,2963,2801.0,5202,0.00027501417766305703
AP,16,Amapá,arroz,2022,temporaria,865,860,890,1035.0,818,8.260635103615281e-05
BA,29,Bahia,arroz,2022,temporaria,470,470,691,1470.0,1500,6.413594220896808e-05
CE,23,Ceará,arroz,2022,temporaria,5581,5569,17116,3073.0,29629,0.0015886407913874062
DF,53,Distrito Federal,arroz,2022,temporaria,,,,,,
ES,32,Espírito Santo,arroz,2022,temporaria,98,98,373,3806.0,986,3.46204145353764e-05
GO,52,Goiás,arroz,2022,temporaria,24306,24288,107769,4437.0,187545,0.010002700949230508
MA,21,Maranhão,arroz,2022,temporaria,99887,99868,181197,1814.0,264197,0.016818003358087395
MG,31,Minas Gerais,arroz,2022,temporaria,2847,2795,10083,3608.0,14517,0.0009358649859522795
MS,50,Mato Grosso do Sul,arroz,2022,temporaria,10358,10358,60154,5807.0,83754,0.005583261168796333
MT,51,Mato Grosso,arroz,2022,temporaria,108515,108515,347739,3205.0,439341,0.032275786407821055
PA,15,Pará,arroz,2022,temporaria,40556,40556,116781,2879.0,170249,0.010839159865565124
PB,25,Paraíba,arroz,2022,temporaria,2034,2034,3037,1493.0,6012,0.0002818825708952765
PE,26,Pernambuco,arroz,2022,temporaria,306,304,1812,5961.0,2983,0.00016818281806461674
PI,22,Piauí,arroz,2022,temporaria,45327,45058,81604,1811.0,110537,0.007574167044892375
PR,41,Paraná,arroz,2022,temporaria,22074,20074,141699,7059.0,144667,0.013151952062327884
RJ,33,Rio de Janeiro,arroz,2022,temporaria,282,282,863,3060.0,1910,8.010031566764031e-05
RN,24,Rio Grande do Norte,arroz,2022,temporaria,483,475,1553,3269.0,2099,0.00014414344175184868
RO,11,Rondônia,arroz,2022,temporaria,40221,40051,121408,3031.0,160126,0.01126862007482836
RR,14,Roraima,arroz,2022,temporaria,10710,10710,77295,7217.0,134630,0.007174222363302732
RS,43,Rio Grande do Sul,arroz,2022,temporaria,961169,935567,7671078,8199.0,10989888,0.7119997326895607
SC,42,Santa Catarina,arroz,2022,temporaria,146145,146133,1194481,8174.0,1748494,0.1108670975191178
SE,28,Sergipe,arroz,2022,temporaria,4296,4296,33808,7870.0,39974,0.00313792754587669
SP,35,São Paulo,arroz,2022,temporaria,11454,11452,56740,4955.0,84894,0.005266386918866641
TO,17,Tocantins,arroz,2022,temporaria,111231,106330,523638,4925.0,874825,0.048602049936931443
AC,12,Acre,arroz,2023,temporaria,3705,3605,4316,1197.0,4802,0.0004196132033491667
AL,27,Alagoas,arroz,2023,temporaria,2472,2472,17360,7023.0,29695,0.0016877861932672693
AM,13,Amazonas,arroz,2023,temporaria,3417,2402,7003,2915.0,12332,0.0006808506170190488
AP,16,Amapá,arroz,2023,temporaria,788,754,781,1036.0,798,7.593093415563002e-05
BA,29,Bahia,arroz,2023,temporaria,471,471,687,1459.0,1388,6.67919996989985e-05
CE,23,Ceará,arroz,2023,temporaria,5472,5467,19245,3520.0,37080,0.001871050995934827
DF,53,Distrito Federal,arroz,2023,temporaria,,,,,,
ES,32,Espírito Santo,arroz,2023,temporaria,100,100,404,4040.0,1134,3.927797362211848e-05
GO,52,Goiás,arroz,2023,temporaria,19572,19572,94559,4831.0,222181,0.00919328194983639
MA,21,Maranhão,arroz,2023,temporaria,90730,90730,184752,2036.0,303171,0.01796208956097434
MG,31,Minas Gerais,arroz,2023,temporaria,3198,3198,10327,3229.0,17401,0.0010040188950386573
MS,50,Mato Grosso do Sul,arroz,2023,temporaria,6775,6730,43531,6468.0,67265,0.004232201657783266
MT,51,Mato Grosso,arroz,2023,temporaria,98767,98767,324706,3288.0,615427,0.03156879629441486
PA,15,Pará,arroz,2023,temporaria,35597,35597,120410,3383.0,173693,0.011706586148117044
PB,25,Paraíba,arroz,2023,temporaria,1659,1659,1720,1037.0,3365,0.00016722305601495985
PE,26,Pernambuco,arroz,2023,temporaria,5,3,7,2333.0,13,6.805589488980925e-07
PI,22,Piauí,arroz,2023,temporaria,48587,48488,92716,1912.0,146510,0.00901410050086222
PR,41,Paraná,arroz,2023,temporaria,20606,20606,148916,7227.0,150399,0.014478016633444047
RJ,33,Rio de Janeiro,arroz,2023,temporaria,241,241,737,3058.0,1576,7.16531350482706e-05
RN,24,Rio Grande do Norte,arroz,2023,temporaria,138,136,328,2412.0,950,3.18890478912249e-05
RO,11,Rondônia,arroz,2023,temporaria,35975,35785,113220,3164.0,151245,0.011007554884891718
RR,14,Roraima,arroz,2023,temporaria,11620,11620,88902,7651.0,164820,0.008643293096419745
RS,43,Rio Grande do Sul,arroz,2023,temporaria,845423,829045,7142801,8616.0,12027341,0.6944424486783205
SC,42,Santa Catarina,arroz,2023,temporaria,143092,142785,1176285,8238.0,2121804,0.11436161188637038
SE,28,Sergipe,arroz,2023,temporaria,5038,5038,39927,7925.0,71532,0.0038818110218077338
SP,35,São Paulo,arroz,2023,temporaria,9845,9845,47648,4840.0,71477,0.004632467542442329
TO,17,Tocantins,arroz,2023,temporaria,107633,107632,604375,5615.0,1359992,0.058758973534326374
AC,12,Acre,arroz,2024,temporaria,3749,3624,4452,1228.0,5668,0.00041718635354575604
AL,27,Alagoas,arroz,2024,temporaria,2601,2601,18975,7295.0,31162,0.0017781022144049239
AM,13,Amazonas,arroz,2024,temporaria,6101,6068,17073,2814.0,29874,0.0015998703086448098
AP,16,Amapá,arroz,2024,temporaria,510,507,490,966.0,481,4.591673702547629e-05
BA,29,Bahia,arroz,2024,temporaria,479,479,673,1405.0,1597,6.306523269009295e-05
CE,23,Ceará,arroz,2024,temporaria,5642,5622,21423,3811.0,49920,0.00200749848427914
DF,53,Distrito Federal,arroz,2024,temporaria,1000,1000,6540,6540.0,16350,0.0006128478778502346
ES,32,Espírito Santo,arroz,2024,temporaria,97,97,337,3474.0,1131,3.1579470158337776e-05
GO,52,Goiás,arroz,2024,temporaria,28131,28131,133572,4748.0,336510,0.012516715097891672
MA,21,Maranhão,arroz,2024,temporaria,77119,77084,177340,2301.0,388988,0.016618110498159113
MG,31,Minas Gerais,arroz,2024,temporaria,17389,17195,94693,5507.0,194988,0.008873456283986584
MS,50,Mato Grosso do Sul,arroz,2024,temporaria,8822,8822,58574,6640.0,121397,0.005488830519449486
MT,51,Mato Grosso,arroz,2024,temporaria,129332,129232,411360,3183.0,801094,0.03854756927102026
PA,15,Pará,arroz,2024,temporaria,45449,45449,148884,3276.0,233792,0.013951566276124514
PB,25,Paraíba,arroz,2024,temporaria,2191,2191,2599,1186.0,6951,0.00024354612148818955
PE,26,Pernambuco,arroz,2024,temporaria,6,6,14,2333.0,27,1.3119067721564655e-06
PI,22,Piauí,arroz,2024,temporaria,45119,45074,83362,1849.0,170022,0.0078116551671790916
PR,41,Paraná,arroz,2024,temporaria,19598,19598,130880,6678.0,315245,0.012264454167131301
RJ,33,Rio de Janeiro,arroz,2024,temporaria,233,232,572,2466.0,1582,5.3600762405249876e-05
RN,24,Rio Grande do Norte,arroz,2024,temporaria,384,358,1187,3316.0,3298,0.00011123095275355176
RO,11,Rondônia,arroz,2024,temporaria,41809,41487,146638,3535.0,278556,0.013741098946819985
RR,14,Roraima,arroz,2024,temporaria,10300,10300,71445,6936.0,165700,0.006694941381194191
RS,43,Rio Grande do Sul,arroz,2024,temporaria,909954,862589,7128908,8265.0,14854342,0.6680330488057431
SC,42,Santa Catarina,arroz,2024,temporaria,142927,142796,1127814,7898.0,2330392,0.10568477316663372
SE,28,Sergipe,arroz,2024,temporaria,6414,6414,53787,8386.0,91639,0.005040252110998558
SP,35,São Paulo,arroz,2024,temporaria,9900,9900,52138,5266.0,103376,0.004885728234763843
TO,17,Tocantins,arroz,2024,temporaria,119246,119244,777760,6522.0,1783348,0.07288204365088662
AC,12,Acre,banana,2014,permanente,8492,8350,100969,12092.0,56267,0.014520085358296757
AL,27,Alagoas,banana,2014,permanente,3682,3669,46080,12559.0,30236,0.006626643160874274
AM,13,Amazonas,banana,2014,permanente,6925,5074,54610,10763.0,66860,0.007853319943909377
AP,16,Amapá,banana,2014,permanente,2086,2086,18124,8688.0,25215,0.002606364597389005
BA,29,Bahia,banana,2014,permanente,72147,71704,1088647,15183.0,798387,0.15655545132717655
CE,23,Ceará,banana,2014,permanente,46654,46654,452541,9700.0,352141,0.06507872662033864
DF,53,Distrito Federal,banana,2014,permanente,190,190,3658,19253.0,3713,0.0005260473238385003
ES,32,Espírito Santo,banana,2014,permanente,22330,22330,294371,13183.0,250683,0.0423327164476936
GO,52,Goiás,banana,2014,permanente,12380,12380,196701,15889.0,151588,0.02828705157090127
MA,21,Maranhão,banana,2014,permanente,9832,9832,101258,10299.0,75851,0.014561645685412484
MG,31,Minas Gerais,banana,2014,permanente,41060,40996,711397,17353.0,775924,0.1023041246683263
MS,50,Mato Grosso do Sul,banana,2014,permanente,1380,1380,15004,10872.0,14630,0.002157685633371476
MT,51,Mato Grosso,banana,2014,permanente,6242,6242,72727,11651.0,123786,0.010458677889776547
PA,15,Pará,banana,2014,permanente,45458,45428,588655,12958.0,526502,0.0846529216550444
PB,25,Paraíba,banana,2014,permanente,10999,10870,131345,12083.0,94871,0.018888377733616134
PE,26,Pernambuco,banana,2014,permanente,38868,38856,396470,10204.0,271787,0.05701530412308645
PI,22,Piauí,banana,2014,permanente,1988,1988,38005,19117.0,37827,0.005465398726758394
PR,41,Paraná,banana,2014,permanente,8262,8257,207327,25109.0,120799,0.029815148581045586
RJ,33,Rio de Janeiro,banana,2014,permanente,21075,21075,131702,6249.0,108753,0.018939716961229678
RN,24,Rio Grande do Norte,banana,2014,permanente,5830,5816,171061,29412.0,118529,0.02459983085378286
RO,11,Rondônia,banana,2014,permanente,7842,7772,78388,10086.0,97296,0.011272771356219891
RR,14,Roraima,banana,2014,permanente,9956,9035,96051,10631.0,118793,0.0138128407605281
RS,43,Rio Grande do Sul,banana,2014,permanente,12227,12226,138072,11293.0,127620,0.0198557698460988
SC,42,Santa Catarina,banana,2014,permanente,29534,29509,701484,23772.0,354729,0.10087856230604882
SE,28,Sergipe,banana,2014,permanente,2674,2552,35301,13833.0,34298,0.005076543624609868
SP,35,São Paulo,banana,2014,permanente,51304,51224,1056387,20623.0,819747,0.15191622588512352
TO,17,Tocantins,banana,2014,permanente,3356,3270,27412,8383.0,22616,0.003942047359502726
AC,12,Acre,banana,2015,permanente,8911,8100,106268,13120.0,64475,0.015492707851773969
AL,27,Alagoas,banana,2015,permanente,3836,3828,50941,13307.0,37887,0.0074266385993640395
AM,13,Amazonas,banana,2015,permanente,6177,5581,73444,13160.0,116317,0.010707328974533137
AP,16,Amapá,banana,2015,permanente,2229,2150,18850,8767.0,23637,0.00274812307567602
BA,29,Bahia,banana,2015,permanente,75971,71578,1072085,14978.0,887820,0.15629822427512605
CE,23,Ceará,banana,2015,permanente,44482,44482,385028,8656.0,327684,0.056132855786810966
DF,53,Distrito Federal,banana,2015,permanente,192,190,3658,19253.0,3170,0.0005332962446059884
ES,32,Espírito Santo,banana,2015,permanente,23638,23638,277512,11740.0,302619,0.04045820323485431
GO,52,Goiás,banana,2015,permanente,13061,13061,195051,14934.0,145808,0.028436294643696732
MA,21,Maranhão,banana,2015,permanente,8784,8784,91027,10363.0,73892,0.013270737358597405
MG,31,Minas Gerais,banana,2015,permanente,45601,45598,795900,17455.0,834799,0.11603348307323842
MS,50,Mato Grosso do Sul,banana,2015,permanente,1408,1408,15577,11063.0,16278,0.0022709556047642103
MT,51,Mato Grosso,banana,2015,permanente,6426,5757,70046,12167.0,118587,0.01021193787579854
PA,15,Pará,banana,2015,permanente,46119,46079,595527,12924.0,595128,0.08682129925135879
PB,25,Paraíba,banana,2015,permanente,10683,10586,134606,12715.0,112770,0.01962407717371068
PE,26,Pernambuco,banana,2015,permanente,37863,37542,334125,8900.0,227836,0.04871175717030505
PI,22,Piauí,banana,2015,permanente,2070,2070,40274,19456.0,42765,0.005871507095478835
PR,41,Paraná,banana,2015,permanente,8275,8275,203551,24598.0,110541,0.02967550133564613
RJ,33,Rio de Janeiro,banana,2015,permanente,20124,20124,140876,7000.0,140350,0.020538174345301592
RN,24,Rio Grande do Norte,banana,2015,permanente,5421,5415,159335,29425.0,105514,0.02322929391314794
RO,11,Rondônia,banana,2015,permanente,7699,7677,77293,10068.0,92761,0.011268470922452341
RR,14,Roraima,banana,2015,permanente,11247,10901,115521,10597.0,139756,0.016841693677727827
RS,43,Rio Grande do Sul,banana,2015,permanente,11825,11824,134298,11358.0,131331,0.01957917415475534
SC,42,Santa Catarina,banana,2015,permanente,29564,29564,710183,24022.0,318545,0.10353688542455294
SE,28,Sergipe,banana,2015,permanente,2475,2237,29337,13114.0,27506,0.004277012555496414
SP,35,São Paulo,banana,2015,permanente,49486,48695,998038,20496.0,778793,0.1455029845199758
TO,17,Tocantins,banana,2015,permanente,3056,3025,30876,10207.0,29101,0.004501381861250546
AC,12,Acre,banana,2016,permanente,8502,8502,113545,13355.0,75138,0.01713832208513812
AL,27,Alagoas,banana,2016,permanente,4789,4789,59181,12358.0,61593,0.008932696634114747
AM,13,Amazonas,banana,2016,permanente,6755,6251,88929,14226.0,149663,0.013422817778935645
AP,16,Amapá,banana,2016,permanente,2247,2100,18606,8860.0,23889,0.00280836338646422
BA,29,Bahia,banana,2016,permanente,68220,68099,980148,14393.0,1291451,0.1479421561064244
CE,23,Ceará,banana,2016,permanente,39140,39140,323840,8274.0,351955,0.04887995265358341
DF,53,Distrito Federal,banana,2016,permanente,166,166,3136,18892.0,3064,0.00047334341502481956
ES,32,Espírito Santo,banana,2016,permanente,23535,23385,262566,11228.0,368541,0.03963134155274451
GO,52,Goiás,banana,2016,permanente,13584,13584,199293,14671.0,149393,0.03008100421254508
MA,21,Maranhão,banana,2016,permanente,6941,6941,72635,10465.0,60760,0.01096342441018105
MG,31,Minas Gerais,banana,2016,permanente,44769,44765,773197,17272.0,1223533,0.11670526417951066
MS,50,Mato Grosso do Sul,banana,2016,permanente,1585,1585,16961,10701.0,21122,0.0025600694076007543
MT,51,Mato Grosso,banana,2016,permanente,6967,6408,72009,11237.0,163166,0.010868936853482855
PA,15,Pará,banana,2016,permanente,42510,42472,504907,11888.0,671194,0.07620995014347468
PB,25,Paraíba,banana,2016,permanente,10814,10753,133524,12417.0,144211,0.02015392415426467
PE,26,Pernambuco,banana,2016,permanente,36679,36125,352067,9746.0,381002,0.05314049620457371
PI,22,Piauí,banana,2016,permanente,1967,1967,37455,19042.0,53543,0.005653404850049304
PR,41,Paraná,banana,2016,permanente,8016,8005,185869,23219.0,241300,0.02805480459414802
RJ,33,Rio de Janeiro,banana,2016,permanente,20774,20774,142817,6875.0,156411,0.021556596461607035
RN,24,Rio Grande do Norte,banana,2016,permanente,5191,5126,155014,30241.0,159752,0.023397594431332075
RO,11,Rondônia,banana,2016,permanente,7783,7748,76603,9887.0,125523,0.011562348731232863
RR,14,Roraima,banana,2016,permanente,8963,7068,56858,8044.0,100423,0.0085820662919264
RS,43,Rio Grande do Sul,banana,2016,permanente,11857,11852,129599,10935.0,168739,0.019561490192538774
SC,42,Santa Catarina,banana,2016,permanente,29575,29575,721579,24398.0,484151,0.10891411609381195
SE,28,Sergipe,banana,2016,permanente,2078,1877,22739,12115.0,29834,0.003432192574696866
SP,35,São Paulo,banana,2016,permanente,52852,51512,1089820,21157.0,1418296,0.16449589303646328
TO,17,Tocantins,banana,2016,permanente,3207,3202,32314,10092.0,45393,0.004877429564130108
AC,12,Acre,banana,2017,permanente,8745,8118,102949,12682.0,59046,0.015633943192122298
AL,27,Alagoas,banana,2017,permanente,11201,6501,95692,14720.0,122925,0.014531887555397013
AM,13,Amazonas,banana,2017,permanente,8445,7843,103477,13194.0,150196,0.015714125826294955
AP,16,Amapá,banana,2017,permanente,2195,2180,19873,9116.0,25844,0.003017934638093099
BA,29,Bahia,banana,2017,permanente,73080,72584,866591,11939.0,931809,0.1316014188074139
CE,23,Ceará,banana,2017,permanente,40033,40029,393738,9836.0,638697,0.059793465935364595
DF,53,Distrito Federal,banana,2017,permanente,169,169,3128,18509.0,4692,0.0004750213630531482
ES,32,Espírito Santo,banana,2017,permanente,25023,25020,339082,13552.0,349520,0.05149334841009833
GO,52,Goiás,banana,2017,permanente,13719,13719,208911,15228.0,193109,0.03172544372659726
MA,21,Maranhão,banana,2017,permanente,7106,7100,80765,11375.0,70646,0.012265057668474268
MG,31,Minas Gerais,banana,2017,permanente,41577,41525,686344,16528.0,732566,0.10422892020567454
MS,50,Mato Grosso do Sul,banana,2017,permanente,1649,1649,17064,10348.0,19773,0.0025913569498525963
MT,51,Mato Grosso,banana,2017,permanente,6724,6724,74821,11127.0,119142,0.011362395589833632
PA,15,Pará,banana,2017,permanente,43911,43145,514205,11918.0,667785,0.07808771099384401
PB,25,Paraíba,banana,2017,permanente,9899,9873,121398,12296.0,134439,0.018435627695628544
PE,26,Pernambuco,banana,2017,permanente,37038,37021,335836,9071.0,296949,0.05100040744319599
PI,22,Piauí,banana,2017,permanente,1852,1852,36647,19788.0,57998,0.005565251883570563
PR,41,Paraná,banana,2017,permanente,7800,7776,177196,22788.0,148767,0.026909170539503084
RJ,33,Rio de Janeiro,banana,2017,permanente,11429,11420,88183,7722.0,126543,0.013391562934180232
RN,24,Rio Grande do Norte,banana,2017,permanente,7455,7446,210933,28328.0,189736,0.03203250676882663
RO,11,Rondônia,banana,2017,permanente,8808,8808,76468,8682.0,135238,0.011612510738474467
RR,14,Roraima,banana,2017,permanente,6467,6126,49904,8146.0,92874,0.007578473817712374
RS,43,Rio Grande do Sul,banana,2017,permanente,11859,11854,135153,11401.0,182008,0.020524476432455925
SC,42,Santa Catarina,banana,2017,permanente,29145,29145,712775,24456.0,742748,0.10824275960684389
SE,28,Sergipe,banana,2017,permanente,2020,2000,26574,13287.0,39631,0.0040355555312577875
SP,35,São Paulo,banana,2017,permanente,49991,49012,1080759,22051.0,1664121,0.16412519607159762
TO,17,Tocantins,banana,2017,permanente,2726,2726,26501,9722.0,33035,0.00402446967463922
AC,12,Acre,banana,2018,permanente,8485,7370,90680,12304.0,57019,0.013486842594506804
AL,27,Alagoas,banana,2018,permanente,7840,7840,104910,13381.0,122639,0.015603271466582585
AM,13,Amazonas,banana,2018,permanente,8071,7805,113272,14513.0,156906,0.016846952297805192
AP,16,Amapá,banana,2018,permanente,1699,1650,14860,9006.0,19734,0.002210128815112165
BA,29,Bahia,banana,2018,permanente,66046,66036,830412,12575.0,832628,0.12350723348687234
CE,23,Ceará,banana,2018,permanente,34378,34378,337636,9821.0,474667,0.05021662534449602
DF,53,Distrito Federal,banana,2018,permanente,174,174,3216,18483.0,4502,0.0004783158996904927
ES,32,Espírito Santo,banana,2018,permanente,28198,28191,408867,14503.0,297167,0.06081081684040818
GO,52,Goiás,banana,2018,permanente,13586,13552,209912,15489.0,175883,0.031220226099449848
MA,21,Maranhão,banana,2018,permanente,6196,6196,71266,11502.0,64436,0.010599397048303065
MG,31,Minas Gerais,banana,2018,permanente,46910,46910,774166,16503.0,822891,0.11514176206461131
MS,50,Mato Grosso do Sul,banana,2018,permanente,1360,1360,14737,10836.0,12734,0.0021918350167098232
MT,51,Mato Grosso,banana,2018,permanente,7099,7099,72875,10266.0,136134,0.010838703728216622
PA,15,Pará,banana,2018,permanente,35348,35348,417983,11825.0,541741,0.062166640143137816
PB,25,Paraíba,banana,2018,permanente,10668,10668,133200,12486.0,124502,0.019810845099121153
PE,26,Pernambuco,banana,2018,permanente,41581,41462,439118,10591.0,287561,0.06531005013690602
PI,22,Piauí,banana,2018,permanente,2012,2012,41788,20769.0,68041,0.006215132094610171
PR,41,Paraná,banana,2018,permanente,7504,7498,188773,25176.0,132647,0.028076221185408392
RJ,33,Rio de Janeiro,banana,2018,permanente,9277,9276,74975,8083.0,96760,0.011151036871671235
RN,24,Rio Grande do Norte,banana,2018,permanente,7809,7807,216853,27777.0,169186,0.0322525615036015
RO,11,Rondônia,banana,2018,permanente,6528,6528,99878,15300.0,202353,0.014854861762838008
RR,14,Roraima,banana,2018,permanente,6151,6101,61495,10079.0,71766,0.009146155550829245
RS,43,Rio Grande do Sul,banana,2018,permanente,11883,11876,135311,11394.0,141231,0.020124814273327195
SC,42,Santa Catarina,banana,2018,permanente,28927,28927,709486,24527.0,416087,0.10552190124620925
SE,28,Sergipe,banana,2018,permanente,2031,1986,22859,11510.0,27952,0.003399820631537616
SP,35,São Paulo,banana,2018,permanente,49210,48760,1061610,21772.0,1376149,0.15789332782040547
TO,17,Tocantins,banana,2018,permanente,11244,11244,73452,6533.0,112728,0.010924520977632485
AC,12,Acre,banana,2019,permanente,8350,7125,88169,12375.0,60354,0.012905536606793392
AL,27,Alagoas,banana,2019,permanente,8688,8650,104048,12029.0,156520,0.015229789073978824
AM,13,Amazonas,banana,2019,permanente,6773,5733,82246,14346.0,130645,0.012038570968961078
AP,16,Amapá,banana,2019,permanente,1694,1694,15342,9057.0,23026,0.0022456503149794623
BA,29,Bahia,banana,2019,permanente,65545,65275,843391,12921.0,932001,0.12344943715296858
CE,23,Ceará,banana,2019,permanente,35027,35027,406334,11601.0,426407,0.05947621399340796
DF,53,Distrito Federal,banana,2019,permanente,174,174,3216,18483.0,4824,0.0004707346768983152
ES,32,Espírito Santo,banana,2019,permanente,28256,28236,410020,14521.0,413201,0.06001574385007686
GO,52,Goiás,banana,2019,permanente,13852,13852,219734,15863.0,208269,0.03216306389725572
MA,21,Maranhão,banana,2019,permanente,4711,4702,72100,15334.0,59084,0.010553473322253894
MG,31,Minas Gerais,banana,2019,permanente,48112,48112,824134,17129.0,1062944,0.1206307376277724
MS,50,Mato Grosso do Sul,banana,2019,permanente,1652,1618,16978,10493.0,20469,0.002485116089670272
MT,51,Mato Grosso,banana,2019,permanente,7088,7069,78775,11144.0,145656,0.011530511247719148
PA,15,Pará,banana,2019,permanente,35967,33662,381248,11326.0,618363,0.0558043078663336
PB,25,Paraíba,banana,2019,permanente,10843,10843,133514,12313.0,110538,0.019542807727425886
PE,26,Pernambuco,banana,2019,permanente,44457,43909,496991,11319.0,480805,0.07274592593481671
PI,22,Piauí,banana,2019,permanente,2415,2415,52269,21643.0,69246,0.007650755854103867
PR,41,Paraná,banana,2019,permanente,8193,8193,191065,23321.0,147093,0.027966704303972818
RJ,33,Rio de Janeiro,banana,2019,permanente,9469,9469,76520,8081.0,105283,0.011200440757543246
RN,24,Rio Grande do Norte,banana,2019,permanente,7706,7705,219179,28446.0,156292,0.03208182703603726
RO,11,Rondônia,banana,2019,permanente,6350,6350,82757,13033.0,143645,0.012113367430371228
RR,14,Roraima,banana,2019,permanente,6583,6583,59293,9007.0,92723,0.008678877859866853
RS,43,Rio Grande do Sul,banana,2019,permanente,11892,11880,135804,11431.0,167782,0.019878001262903854
SC,42,Santa Catarina,banana,2019,permanente,29364,29364,723435,24637.0,376755,0.10589115080283974
SE,28,Sergipe,banana,2019,permanente,2033,1987,25032,12598.0,31205,0.003664002000036886
SP,35,São Paulo,banana,2019,permanente,50699,50406,1008572,20009.0,1318185,0.14762742989697994
TO,17,Tocantins,banana,2019,permanente,12021,11993,81708,6813.0,84056,0.011959822444032193
AC,12,Acre,banana,2020,permanente,7850,6915,86113,12453.0,64652,0.013060411436402592
AL,27,Alagoas,banana,2020,permanente,8814,8812,112394,12755.0,239564,0.017046344721273594
AM,13,Amazonas,banana,2020,permanente,6558,6346,92670,14603.0,141056,0.014054885183554496
AP,16,Amapá,banana,2020,permanente,1724,1722,15815,9184.0,25305,0.0023985972718022484
BA,29,Bahia,banana,2020,permanente,64933,64912,785061,12094.0,1076922,0.11906703590251944
CE,23,Ceará,banana,2020,permanente,35690,35690,431017,12077.0,433877,0.06537061019920264
DF,53,Distrito Federal,banana,2020,permanente,174,174,3216,18483.0,7236,0.00048775775062384006
ES,32,Espírito Santo,banana,2020,permanente,28837,28737,415882,14472.0,476531,0.06307514578511936
GO,52,Goiás,banana,2020,permanente,13880,13880,221539,15961.0,343533,0.033599926715004634
MA,21,Maranhão,banana,2020,permanente,4216,4216,66265,15718.0,60301,0.010050145318746505
MG,31,Minas Gerais,banana,2020,permanente,47875,47872,833715,17416.0,1061082,0.12644619187231182
MS,50,Mato Grosso do Sul,banana,2020,permanente,1192,1176,11030,9379.0,15285,0.0016728756185886056
MT,51,Mato Grosso,banana,2020,permanente,6778,6762,72986,10794.0,155019,0.011069492284524748
PA,15,Pará,banana,2020,permanente,35656,35654,407372,11426.0,680046,0.061784468403959875
PB,25,Paraíba,banana,2020,permanente,10706,10706,138732,12958.0,140177,0.02104092296627692
PE,26,Pernambuco,banana,2020,permanente,42556,42222,461862,10939.0,429869,0.07004874695852861
PI,22,Piauí,banana,2020,permanente,2535,2535,53439,21080.0,82688,0.008104877623006029
PR,41,Paraná,banana,2020,permanente,8199,8124,184751,22741.0,160053,0.028020439112408292
RJ,33,Rio de Janeiro,banana,2020,permanente,8767,8764,67673,7722.0,107097,0.010263691000611669
RN,24,Rio Grande do Norte,banana,2020,permanente,7804,7803,193816,24839.0,174082,0.02939529110538252
RO,11,Rondônia,banana,2020,permanente,6630,6630,83975,12666.0,155827,0.012736149598456769
RR,14,Roraima,banana,2020,permanente,6596,6596,62239,9436.0,106668,0.009439538134663302
RS,43,Rio Grande do Sul,banana,2020,permanente,12161,12154,67056,5517.0,91579,0.010170113098828426
SC,42,Santa Catarina,banana,2020,permanente,29592,29410,669255,22756.0,810717,0.10150320690104417
SE,28,Sergipe,banana,2020,permanente,1874,1853,25076,13533.0,32104,0.0038031757943542952
SP,35,São Paulo,banana,2020,permanente,49093,48817,1000132,20487.0,1443553,0.15168598714145595
TO,17,Tocantins,banana,2020,permanente,3392,3392,30356,8949.0,53753,0.004603972101348659
AC,12,Acre,banana,2021,permanente,7770,6625,82367,12433.0,88862,0.012106829723592054
AL,27,Alagoas,banana,2021,permanente,9022,9016,112404,12467.0,219962,0.016521860553991782
AM,13,Amazonas,banana,2021,permanente,6395,5915,84755,14329.0,144339,0.012457833273313882
AP,16,Amapá,banana,2021,permanente,1753,1750,15815,9037.0,27666,0.002324590091646027
BA,29,Bahia,banana,2021,permanente,65574,65450,869088,13279.0,1478865,0.12774412605554616
CE,23,Ceará,banana,2021,permanente,35997,35997,412103,11448.0,438373,0.06057354097613676
DF,53,Distrito Federal,banana,2021,permanente,174,174,3216,18483.0,13748,0.000472708298117839
ES,32,Espírito Santo,banana,2021,permanente,28797,28797,412684,14331.0,487506,0.060658940080989515
GO,52,Goiás,banana,2021,permanente,12258,12233,202049,16517.0,309208,0.02969845737761544
MA,21,Maranhão,banana,2021,permanente,4407,4407,74060,16805.0,83474,0.010885813606532076
MG,31,Minas Gerais,banana,2021,permanente,47734,47044,791746,16830.0,1274952,0.11637590304776324
MS,50,Mato Grosso do Sul,banana,2021,permanente,1444,1269,12836,10115.0,26212,0.0018867175729603799
MT,51,Mato Grosso,banana,2021,permanente,6897,6863,70212,10231.0,162690,0.010320209896595059
PA,15,Pará,banana,2021,permanente,39736,39736,472281,11885.0,755979,0.06941888922369127
PB,25,Paraíba,banana,2021,permanente,10599,10594,131102,12375.0,175037,0.019270212468857253
PE,26,Pernambuco,banana,2021,permanente,44728,43180,474704,10994.0,488962,0.06977503729780182
PI,22,Piauí,banana,2021,permanente,2591,2591,53614,20692.0,89761,0.007880529445052804
PR,41,Paraná,banana,2021,permanente,7167,7121,167106,23467.0,212629,0.024562311214328236
RJ,33,Rio de Janeiro,banana,2021,permanente,8445,8445,67688,8015.0,108887,0.009949216194962775
RN,24,Rio Grande do Norte,banana,2021,permanente,7928,7928,219063,27632.0,201209,0.032199284176177914
RO,11,Rondônia,banana,2021,permanente,6807,6807,94806,13928.0,213754,0.013935193691343235
RR,14,Roraima,banana,2021,permanente,5675,5675,63684,11222.0,97870,0.009360682604893178
RS,43,Rio Grande do Sul,banana,2021,permanente,12208,12207,139239,11406.0,209483,0.02046624089602916
SC,42,Santa Catarina,banana,2021,permanente,29646,29646,708983,23915.0,1030235,0.10421086670537309
SE,28,Sergipe,banana,2021,permanente,1974,1962,29269,14918.0,43758,0.004302145266670096
SP,35,São Paulo,banana,2021,permanente,48321,48013,1007343,20981.0,1545287,0.14806573232304673
TO,17,Tocantins,banana,2021,permanente,3860,3860,31133,8066.0,64939,0.0045761279369722265
AC,12,Acre,banana,2022,permanente,7700,6675,82836,12410.0,93284,0.011965023582374513
AL,27,Alagoas,banana,2022,permanente,8945,8682,108231,12466.0,214624,0.015633136164758994
AM,13,Amazonas,banana,2022,permanente,6270,6142,88664,14436.0,211862,0.012806833392578756
AP,16,Amapá,banana,2022,permanente,1922,1901,17234,9066.0,32151,0.0024893188519320387
BA,29,Bahia,banana,2022,permanente,66358,66358,892990,13457.0,1593773,0.12898554262427708
CE,23,Ceará,banana,2022,permanente,36983,36983,440017,11898.0,587669,0.0635570739973645
DF,53,Distrito Federal,banana,2022,permanente,174,174,3216,18483.0,7718,0.0004645264841483948
ES,32,Espírito Santo,banana,2022,permanente,28595,28595,399989,13988.0,683406,0.05777533702364188
GO,52,Goiás,banana,2022,permanente,12880,12880,198033,15375.0,319971,0.02860434491149225
MA,21,Maranhão,banana,2022,permanente,4514,4514,75872,16808.0,101620,0.010959127302645215
MG,31,Minas Gerais,banana,2022,permanente,48917,48917,841688,17206.0,1708098,0.12157536299437008
MS,50,Mato Grosso do Sul,banana,2022,permanente,1092,1088,11197,10291.0,33185,0.001617320597950739
MT,51,Mato Grosso,banana,2022,permanente,7264,7245,75886,10474.0,180532,0.010961149495051335
PA,15,Pará,banana,2022,permanente,39126,39126,485005,12396.0,891218,0.07005524485211201
PB,25,Paraíba,banana,2022,permanente,10430,10430,142325,13646.0,228514,0.020557752442916757
PE,26,Pernambuco,banana,2022,permanente,44516,44211,497050,11243.0,639994,0.07179505253294766
PI,22,Piauí,banana,2022,permanente,2659,2659,53991,20305.0,99626,0.007798585014196513
PR,41,Paraná,banana,2022,permanente,7589,7582,143912,18981.0,224455,0.020786982396381777
RJ,33,Rio de Janeiro,banana,2022,permanente,7795,7768,63690,8199.0,125735,0.009199531024692557
RN,24,Rio Grande do Norte,banana,2022,permanente,8585,8584,238553,27790.0,473701,0.03445714750405847
RO,11,Rondônia,banana,2022,permanente,7082,7082,81946,11571.0,217709,0.011836469922271256
RR,14,Roraima,banana,2022,permanente,6405,6405,69240,10810.0,124441,0.010001185871403874
RS,43,Rio Grande do Sul,banana,2022,permanente,12166,12164,137730,11323.0,331647,0.019894040006765677
SC,42,Santa Catarina,banana,2022,permanente,29996,29991,722860,24103.0,1178522,0.104411571620494
SE,28,Sergipe,banana,2022,permanente,2087,2072,28720,13861.0,51927,0.0041483832788376555
SP,35,São Paulo,banana,2022,permanente,46677,46416,991836,21368.0,1705079,0.14326308766536297
TO,17,Tocantins,banana,2022,permanente,3851,3845,30468,7924.0,67476,0.004400868444973039
AC,12,Acre,banana,2023,permanente,7225,6390,80527,12602.0,114439,0.011668754987444716
AL,27,Alagoas,banana,2023,permanente,9924,9887,112250,11353.0,244217,0.01626557238368087
AM,13,Amazonas,banana,2023,permanente,10144,9805,153270,15632.0,458269,0.022209570416452266
AP,16,Amapá,banana,2023,permanente,1795,1707,15614,9147.0,30243,0.002262544741191921
BA,29,Bahia,banana,2023,permanente,64757,64727,862586,13327.0,1542222,0.12499291777416256
CE,23,Ceará,banana,2023,permanente,36857,35655,421320,11817.0,623082,0.06105132255405278
DF,53,Distrito Federal,banana,2023,permanente,174,174,3216,18483.0,18010,0.00046601408272532453
ES,32,Espírito Santo,banana,2023,permanente,28734,28734,411962,14337.0,878572,0.059695302720052905
GO,52,Goiás,banana,2023,permanente,12261,12261,177958,14514.0,354892,0.025786982006726775
MA,21,Maranhão,banana,2023,permanente,4988,4988,84898,17020.0,113627,0.012302134202492102
MG,31,Minas Gerais,banana,2023,permanente,49959,49959,846837,16951.0,1932175,0.12271081087464729
MS,50,Mato Grosso do Sul,banana,2023,permanente,1372,1372,16171,11786.0,47074,0.002343256757385331
MT,51,Mato Grosso,banana,2023,permanente,7310,7276,77093,10596.0,195044,0.011171151641649082
PA,15,Pará,banana,2023,permanente,37598,37155,440861,11865.0,1012200,0.06388290874513972
PB,25,Paraíba,banana,2023,permanente,10772,10770,152344,14145.0,253123,0.02207538850084168
PE,26,Pernambuco,banana,2023,permanente,45455,45156,556537,12325.0,899155,0.08064492523560446
PI,22,Piauí,banana,2023,permanente,2726,2726,46398,17021.0,93311,0.006723296458423385
PR,41,Paraná,banana,2023,permanente,7512,7512,148914,19823.0,214309,0.021578364774551922
RJ,33,Rio de Janeiro,banana,2023,permanente,7703,7701,63124,8197.0,145523,0.009146975422249187
RN,24,Rio Grande do Norte,banana,2023,permanente,8374,8373,204197,24388.0,388399,0.02958914106040519
RO,11,Rondônia,banana,2023,permanente,7297,7275,83057,11417.0,240686,0.01203536432491209
RR,14,Roraima,banana,2023,permanente,6285,6285,66280,10546.0,137230,0.009604295212386352
RS,43,Rio Grande do Sul,banana,2023,permanente,12159,12157,142397,11713.0,344502,0.02063401969460138
SC,42,Santa Catarina,banana,2023,permanente,29076,28789,693387,24085.0,1542060,0.10047515758043053
SE,28,Sergipe,banana,2023,permanente,2059,2035,27785,13654.0,54151,0.004026181992699982
SP,35,São Paulo,banana,2023,permanente,45774,45770,976455,21334.0,1986449,0.14149309115284725
TO,17,Tocantins,banana,2023,permanente,4163,4156,35641,8576.0,85872,0.005164554702242939
AC,12,Acre,banana,2024,permanente,7635,6835,87550,12809.0,126115,0.01242488126823197
AL,27,Alagoas,banana,2024,permanente,9239,9096,93664,10297.0,213280,0.013292565152572006
AM,13,Amazonas,banana,2024,permanente,11773,11514,173119,15036.0,512342,0.02456862387521474
AP,16,Amapá,banana,2024,permanente,1640,1635,14908,9118.0,29272,0.0021157067955088773
BA,29,Bahia,banana,2024,permanente,70572,70504,839428,11906.0,1775017,0.11912956291524188
CE,23,Ceará,banana,2024,permanente,37612,37577,481841,12823.0,905290,0.06838169292023027
DF,53,Distrito Federal,banana,2024,permanente,312,312,6045,19375.0,26598,0.0008578915735746688
ES,32,Espírito Santo,banana,2024,permanente,29103,29103,426363,14650.0,968154,0.06050839122977941
GO,52,Goiás,banana,2024,permanente,12388,12388,171958,13881.0,378412,0.024403857602771365
MA,21,Maranhão,banana,2024,permanente,4691,4691,79238,16891.0,146631,0.011245262614873386
MG,31,Minas Gerais,banana,2024,permanente,50104,50104,847752,16920.0,2512874,0.12031088457916835
MS,50,Mato Grosso do Sul,banana,2024,permanente,1769,1733,11583,6684.0,37206,0.0016438309506559784
MT,51,Mato Grosso,banana,2024,permanente,7058,7054,80314,11386.0,201463,0.011397965895794202
PA,15,Pará,banana,2024,permanente,36973,36906,425275,11523.0,1080902,0.0603539849382907
PB,25,Paraíba,banana,2024,permanente,10812,10812,145055,13416.0,259101,0.020585849827108947
PE,26,Pernambuco,banana,2024,permanente,49503,48650,646274,13284.0,1211465,0.09171762097938718
PI,22,Piauí,banana,2024,permanente,2359,2359,42574,18047.0,87064,0.0060419976597796445
PR,41,Paraná,banana,2024,permanente,7360,7360,166246,22588.0,266899,0.02359322457245565
RJ,33,Rio de Janeiro,banana,2024,permanente,7471,7396,59830,8090.0,162027,0.008490926856405697
RN,24,Rio Grande do Norte,banana,2024,permanente,8493,8383,214472,25584.0,473046,0.03043734020971156
RO,11,Rondônia,banana,2024,permanente,7279,7220,81649,11309.0,308324,0.011587425821471983
RR,14,Roraima,banana,2024,permanente,5850,5250,49640,9455.0,152587,0.007044787049172301
RS,43,Rio Grande do Sul,banana,2024,permanente,12181,12160,144908,11917.0,374373,0.020564987947652293
SC,42,Santa Catarina,banana,2024,permanente,29684,29684,725610,24444.0,1518808,0.10297679151389834
SE,28,Sergipe,banana,2024,permanente,2162,2128,30702,14428.0,77531,0.004357152537946978
SP,35,São Paulo,banana,2024,permanente,45540,45250,963642,21296.0,2151140,0.13675770913856758
TO,17,Tocantins,banana,2024,permanente,3901,3885,36705,9448.0,106669,0.005209083574534031
AC,12,Acre,batata_inglesa,2014,temporaria,,,,,,
AL,27,Alagoas,batata_inglesa,2014,temporaria,,,,,,
AM,13,Amazonas,batata_inglesa,2014,temporaria,,,,,,
AP,16,Amapá,batata_inglesa,2014,temporaria,,,,,,
BA,29,Bahia,batata_inglesa,2014,temporaria,6646,6646,282970,42577.0,360947,0.07668904525838005
CE,23,Ceará,batata_inglesa,2014,temporaria,,,,,,
DF,53,Distrito Federal,batata_inglesa,2014,temporaria,101,101,3969,39297.0,2778,0.0010756575631003654
ES,32,Espírito Santo,batata_inglesa,2014,temporaria,415,415,7875,18976.0,11122,0.002134241196627709
GO,52,Goiás,batata_inglesa,2014,temporaria,7952,7952,181430,22816.0,98955,0.04917020702275115
MA,21,Maranhão,batata_inglesa,2014,temporaria,,,,,,
MG,31,Minas Gerais,batata_inglesa,2014,temporaria,38151,38151,1200359,31463.0,1095992,0.3253150004498845
MS,50,Mato Grosso do Sul,batata_inglesa,2014,temporaria,,,,,,
MT,51,Mato Grosso,batata_inglesa,2014,temporaria,,,,,,
PA,15,Pará,batata_inglesa,2014,temporaria,,,,,,
PB,25,Paraíba,batata_inglesa,2014,temporaria,134,124,733,5911.0,908,0.00019865381550833154
PE,26,Pernambuco,batata_inglesa,2014,temporaria,,,,,,
PI,22,Piauí,batata_inglesa,2014,temporaria,,,,,,
PR,41,Paraná,batata_inglesa,2014,temporaria,30136,30136,850959,28237.0,747807,0.23062244500839604
RJ,33,Rio de Janeiro,batata_inglesa,2014,temporaria,57,57,810,14211.0,711,0.0002195219516531358
RN,24,Rio Grande do Norte,batata_inglesa,2014,temporaria,,,,,,
RO,11,Rondônia,batata_inglesa,2014,temporaria,,,,,,
RR,14,Roraima,batata_inglesa,2014,temporaria,,,,,,
RS,43,Rio Grande do Sul,batata_inglesa,2014,temporaria,18242,18234,357221,19591.0,321464,0.09681216184133928
SC,42,Santa Catarina,batata_inglesa,2014,temporaria,5348,5348,115784,21650.0,89092,0.03137917240766256
SE,28,Sergipe,batata_inglesa,2014,temporaria,,,,,,
SP,35,São Paulo,batata_inglesa,2014,temporaria,24895,24894,687726,27626.0,505918,0.1863838934846969
TO,17,Tocantins,batata_inglesa,2014,temporaria,,,,,,
AC,12,Acre,batata_inglesa,2015,temporaria,,,,,,
AL,27,Alagoas,batata_inglesa,2015,temporaria,,,,,,
AM,13,Amazonas,batata_inglesa,2015,temporaria,,,,,,
AP,16,Amapá,batata_inglesa,2015,temporaria,,,,,,
BA,29,Bahia,batata_inglesa,2015,temporaria,6776,6776,301969,44564.0,311209,0.0780749498213529
CE,23,Ceará,batata_inglesa,2015,temporaria,,,,,,
DF,53,Distrito Federal,batata_inglesa,2015,temporaria,10,10,390,39000.0,222,0.00010083561700150556
ES,32,Espírito Santo,batata_inglesa,2015,temporaria,401,401,8703,21703.0,11741,0.0022501855763182124
GO,52,Goiás,batata_inglesa,2015,temporaria,5838,5838,243470,41704.0,231612,0.06294986582399117
MA,21,Maranhão,batata_inglesa,2015,temporaria,,,,,,
MG,31,Minas Gerais,batata_inglesa,2015,temporaria,38707,38707,1212922,31336.0,1313724,0.31360445703769263
MS,50,Mato Grosso do Sul,batata_inglesa,2015,temporaria,,,,,,
MT,51,Mato Grosso,batata_inglesa,2015,temporaria,,,,,,
PA,15,Pará,batata_inglesa,2015,temporaria,,,,,,
PB,25,Paraíba,batata_inglesa,2015,temporaria,100,95,473,4979.0,595,0.0001222955047223388
PE,26,Pernambuco,batata_inglesa,2015,temporaria,,,,,,
PI,22,Piauí,batata_inglesa,2015,temporaria,,,,,,
PR,41,Paraná,batata_inglesa,2015,temporaria,30717,30717,843726,27468.0,910877,0.2181477738210571
RJ,33,Rio de Janeiro,batata_inglesa,2015,temporaria,39,39,628,16103.0,687,0.00016237119865883458
RN,24,Rio Grande do Norte,batata_inglesa,2015,temporaria,,,,,,
RO,11,Rondônia,batata_inglesa,2015,temporaria,,,,,,
RR,14,Roraima,batata_inglesa,2015,temporaria,,,,,,
RS,43,Rio Grande do Sul,batata_inglesa,2015,temporaria,19006,19006,399472,21018.0,576958,0.10328462973032161
SC,42,Santa Catarina,batata_inglesa,2015,temporaria,5315,5315,125971,23701.0,104640,0.0325701628443504
SE,28,Sergipe,batata_inglesa,2015,temporaria,,,,,,
SP,35,São Paulo,batata_inglesa,2015,temporaria,25034,25027,729957,29167.0,740407,0.1887324730245333
TO,17,Tocantins,batata_inglesa,2015,temporaria,,,,,,
AC,12,Acre,batata_inglesa,2016,temporaria,,,,,,
AL,27,Alagoas,batata_inglesa,2016,temporaria,,,,,,
AM,13,Amazonas,batata_inglesa,2016,temporaria,,,,,,
AP,16,Amapá,batata_inglesa,2016,temporaria,,,,,,
BA,29,Bahia,batata_inglesa,2016,temporaria,7160,7160,318275,44452.0,457111,0.08263886653047363
CE,23,Ceará,batata_inglesa,2016,temporaria,,,,,,
DF,53,Distrito Federal,batata_inglesa,2016,temporaria,,,,,,
ES,32,Espírito Santo,batata_inglesa,2016,temporaria,255,255,6400,25098.0,12635,0.001661735121498802
GO,52,Goiás,batata_inglesa,2016,temporaria,5930,5930,236192,39830.0,247339,0.06132633465891329
MA,21,Maranhão,batata_inglesa,2016,temporaria,,,,,,
MG,31,Minas Gerais,batata_inglesa,2016,temporaria,39431,39431,1259882,31952.0,1878838,0.327123463803774
MS,50,Mato Grosso do Sul,batata_inglesa,2016,temporaria,,,,,,
MT,51,Mato Grosso,batata_inglesa,2016,temporaria,,,,,,
PA,15,Pará,batata_inglesa,2016,temporaria,,,,,,
PB,25,Paraíba,batata_inglesa,2016,temporaria,111,101,406,4020.0,812,0.00010541632177008025
PE,26,Pernambuco,batata_inglesa,2016,temporaria,,,,,,
PI,22,Piauí,batata_inglesa,2016,temporaria,,,,,,
PR,41,Paraná,batata_inglesa,2016,temporaria,30249,30249,775421,25635.0,1067661,0.20133504838245664
RJ,33,Rio de Janeiro,batata_inglesa,2016,temporaria,35,35,579,16543.0,1055,0.00015033509927309474
RN,24,Rio Grande do Norte,batata_inglesa,2016,temporaria,,,,,,
RO,11,Rondônia,batata_inglesa,2016,temporaria,,,,,,
RR,14,Roraima,batata_inglesa,2016,temporaria,,,,,,
RS,43,Rio Grande do Sul,batata_inglesa,2016,temporaria,18596,18596,426427,22931.0,913790,0.11072011291490151
SC,42,Santa Catarina,batata_inglesa,2016,temporaria,6535,6434,161936,25169.0,269502,0.04204605291172344
SE,28,Sergipe,batata_inglesa,2016,temporaria,,,,,,
SP,35,São Paulo,batata_inglesa,2016,temporaria,21651,21651,665878,30755.0,1031451,0.1728926342552155
TO,17,Tocantins,batata_inglesa,2016,temporaria,,,,,,
AC,12,Acre,batata_inglesa,2017,temporaria,,,,,,
AL,27,Alagoas,batata_inglesa,2017,temporaria,,,,,,
AM,13,Amazonas,batata_inglesa,2017,temporaria,,,,,,
AP,16,Amapá,batata_inglesa,2017,temporaria,,,,,,
BA,29,Bahia,batata_inglesa,2017,temporaria,5890,5890,267775,45463.0,328668,0.07326127085425747
CE,23,Ceará,batata_inglesa,2017,temporaria,,,,,,
DF,53,Distrito Federal,batata_inglesa,2017,temporaria,318,318,10812,34000.0,13515,0.002958083691443308
ES,32,Espírito Santo,batata_inglesa,2017,temporaria,282,282,7024,24908.0,7958,0.001921714747382334
GO,52,Goiás,batata_inglesa,2017,temporaria,5843,5840,215265,36860.0,206264,0.05889492099875543
MA,21,Maranhão,batata_inglesa,2017,temporaria,,,,,,
MG,31,Minas Gerais,batata_inglesa,2017,temporaria,27444,27444,941590,34310.0,827655,0.2576120997989368
MS,50,Mato Grosso do Sul,batata_inglesa,2017,temporaria,,,,,,
MT,51,Mato Grosso,batata_inglesa,2017,temporaria,,,,,,
PA,15,Pará,batata_inglesa,2017,temporaria,,,,,,
PB,25,Paraíba,batata_inglesa,2017,temporaria,45,45,270,6000.0,401,7.387001449220248e-05
PE,26,Pernambuco,batata_inglesa,2017,temporaria,3,3,9,3000.0,14,2.462333816406749e-06
PI,22,Piauí,batata_inglesa,2017,temporaria,,,,,,
PR,41,Paraná,batata_inglesa,2017,temporaria,30890,30890,854044,27648.0,658885,0.2336601579888095
RJ,33,Rio de Janeiro,batata_inglesa,2017,temporaria,35,35,542,15486.0,646,0.0001482872142769398
RN,24,Rio Grande do Norte,batata_inglesa,2017,temporaria,,,,,,
RO,11,Rondônia,batata_inglesa,2017,temporaria,,,,,,
RR,14,Roraima,batata_inglesa,2017,temporaria,,,,,,
RS,43,Rio Grande do Sul,batata_inglesa,2017,temporaria,19325,19325,484541,25073.0,291545,0.1325668544150603
SC,42,Santa Catarina,batata_inglesa,2017,temporaria,5987,5944,150037,25242.0,134258,0.04104901986802438
SE,28,Sergipe,batata_inglesa,2017,temporaria,,,,,,
SP,35,São Paulo,batata_inglesa,2017,temporaria,22111,22111,723117,32704.0,509255,0.19783949359095546
TO,17,Tocantins,batata_inglesa,2017,temporaria,3,3,43,14333.0,96,1.1764483789498913e-05
AC,12,Acre,batata_inglesa,2018,temporaria,,,,,,
AL,27,Alagoas,batata_inglesa,2018,temporaria,,,,,,
AM,13,Amazonas,batata_inglesa,2018,temporaria,,,,,,
AP,16,Amapá,batata_inglesa,2018,temporaria,,,,,,
BA,29,Bahia,batata_inglesa,2018,temporaria,6713,6713,305176,45460.0,416819,0.08183959411663273
CE,23,Ceará,batata_inglesa,2018,temporaria,,,,,,
DF,53,Distrito Federal,batata_inglesa,2018,temporaria,100,100,3400,34000.0,13600,0.000911784085237867
ES,32,Espírito Santo,batata_inglesa,2018,temporaria,320,320,6884,21513.0,6898,0.0018460946008169049
GO,52,Goiás,batata_inglesa,2018,temporaria,6311,5509,224769,40800.0,217853,0.06027670501612651
MA,21,Maranhão,batata_inglesa,2018,temporaria,,,,,,
MG,31,Minas Gerais,batata_inglesa,2018,temporaria,33271,33261,1147322,34495.0,982261,0.30767939418920004
MS,50,Mato Grosso do Sul,batata_inglesa,2018,temporaria,,,,,,
MT,51,Mato Grosso,batata_inglesa,2018,temporaria,,,,,,
PA,15,Pará,batata_inglesa,2018,temporaria,,,,,,
PB,25,Paraíba,batata_inglesa,2018,temporaria,15,15,65,4333.0,79,1.743116633542981e-05
PE,26,Pernambuco,batata_inglesa,2018,temporaria,,,,,,
PI,22,Piauí,batata_inglesa,2018,temporaria,,,,,,
PR,41,Paraná,batata_inglesa,2018,temporaria,29912,29912,813173,27186.0,641664,0.21807005880739178
RJ,33,Rio de Janeiro,batata_inglesa,2018,temporaria,27,27,397,14704.0,438,0.00010646420054100977
RN,24,Rio Grande do Norte,batata_inglesa,2018,temporaria,,,,,,
RO,11,Rondônia,batata_inglesa,2018,temporaria,,,,,,
RR,14,Roraima,batata_inglesa,2018,temporaria,,,,,,
RS,43,Rio Grande do Sul,batata_inglesa,2018,temporaria,17485,17477,406796,23276.0,265475,0.10909121139365392
SC,42,Santa Catarina,batata_inglesa,2018,temporaria,5336,5336,131465,24637.0,101520,0.035255204342881236
SE,28,Sergipe,batata_inglesa,2018,temporaria,,,,,,
SP,35,São Paulo,batata_inglesa,2018,temporaria,20939,20939,689506,32929.0,528339,0.18490605808118257
TO,17,Tocantins,batata_inglesa,2018,temporaria,,,,,,
AC,12,Acre,batata_inglesa,2019,temporaria,,,,,,
AL,27,Alagoas,batata_inglesa,2019,temporaria,,,,,,
AM,13,Amazonas,batata_inglesa,2019,temporaria,,,,,,
AP,16,Amapá,batata_inglesa,2019,temporaria,,,,,,
BA,29,Bahia,batata_inglesa,2019,temporaria,6773,6773,300257,44331.0,610011,0.08089377931236637
CE,23,Ceará,batata_inglesa,2019,temporaria,,,,,,
DF,53,Distrito Federal,batata_inglesa,2019,temporaria,100,100,4250,42500.0,3825,0.001145014311331816
ES,32,Espírito Santo,batata_inglesa,2019,temporaria,283,283,5746,20304.0,10560,0.0015480593489206151
GO,52,Goiás,batata_inglesa,2019,temporaria,5146,5061,218084,43091.0,317300,0.058755129664114766
MA,21,Maranhão,batata_inglesa,2019,temporaria,,,,,,
MG,31,Minas Gerais,batata_inglesa,2019,temporaria,34696,34696,1199571,34574.0,1443930,0.3231825794020277
MS,50,Mato Grosso do Sul,batata_inglesa,2019,temporaria,,,,,,
MT,51,Mato Grosso,batata_inglesa,2019,temporaria,,,,,,
PA,15,Pará,batata_inglesa,2019,temporaria,,,,,,
PB,25,Paraíba,batata_inglesa,2019,temporaria,7,3,15,5000.0,30,4.041226981171115e-06
PE,26,Pernambuco,batata_inglesa,2019,temporaria,,,,,,
PI,22,Piauí,batata_inglesa,2019,temporaria,,,,,,
PR,41,Paraná,batata_inglesa,2019,temporaria,27122,27096,763181,28166.0,1083130,0.20561250991447685
RJ,33,Rio de Janeiro,batata_inglesa,2019,temporaria,29,22,303,13773.0,440,8.163278501965653e-05
RN,24,Rio Grande do Norte,batata_inglesa,2019,temporaria,,,,,,
RO,11,Rondônia,batata_inglesa,2019,temporaria,,,,,,
RR,14,Roraima,batata_inglesa,2019,temporaria,,,,,,
RS,43,Rio Grande do Sul,batata_inglesa,2019,temporaria,18664,18664,452332,24236.0,780988,0.12186508552313953
SC,42,Santa Catarina,batata_inglesa,2019,temporaria,4607,4607,117483,25501.0,173897,0.03165169796192841
SE,28,Sergipe,batata_inglesa,2019,temporaria,,,,,,
SP,35,São Paulo,batata_inglesa,2019,temporaria,19541,19541,650522,33290.0,1029271,0.17526047054969307
TO,17,Tocantins,batata_inglesa,2019,temporaria,,,,,,
AC,12,Acre,batata_inglesa,2020,temporaria,,,,,,
AL,27,Alagoas,batata_inglesa,2020,temporaria,3,3,25,8333.0,50,6.661339371526611e-06
AM,13,Amazonas,batata_inglesa,2020,temporaria,,,,,,
AP,16,Amapá,batata_inglesa,2020,temporaria,,,,,,
BA,29,Bahia,batata_inglesa,2020,temporaria,7910,7910,390789,49404.0,805029,0.10412712606638051
CE,23,Ceará,batata_inglesa,2020,temporaria,,,,,,
DF,53,Distrito Federal,batata_inglesa,2020,temporaria,100,100,4250,42500.0,10200,0.0011324276931595238
ES,32,Espírito Santo,batata_inglesa,2020,temporaria,290,290,5937,20472.0,9984,0.0015819348739501396
GO,52,Goiás,batata_inglesa,2020,temporaria,4540,4540,183104,40331.0,347853,0.04878871537136034
MA,21,Maranhão,batata_inglesa,2020,temporaria,,,,,,
MG,31,Minas Gerais,batata_inglesa,2020,temporaria,35665,35665,1267243,35532.0,1616142,0.3376614275676599
MS,50,Mato Grosso do Sul,batata_inglesa,2020,temporaria,,,,,,
MT,51,Mato Grosso,batata_inglesa,2020,temporaria,,,,,,
PA,15,Pará,batata_inglesa,2020,temporaria,,,,,,
PB,25,Paraíba,batata_inglesa,2020,temporaria,20,20,158,7900.0,355,4.209966482804818e-05
PE,26,Pernambuco,batata_inglesa,2020,temporaria,,,,,,
PI,22,Piauí,batata_inglesa,2020,temporaria,,,,,,
PR,41,Paraná,batata_inglesa,2020,temporaria,27160,27160,746867,27499.0,971180,0.19900538209575863
RJ,33,Rio de Janeiro,batata_inglesa,2020,temporaria,22,22,306,13909.0,517,8.153479390748571e-05
RN,24,Rio Grande do Norte,batata_inglesa,2020,temporaria,,,,,,
RO,11,Rondônia,batata_inglesa,2020,temporaria,,,,,,
RR,14,Roraima,batata_inglesa,2020,temporaria,,,,,,
RS,43,Rio Grande do Sul,batata_inglesa,2020,temporaria,17686,17682,363873,20579.0,558627,0.09695526164542011
SC,42,Santa Catarina,batata_inglesa,2020,temporaria,4325,4325,107647,24889.0,139491,0.028682927973069004
SE,28,Sergipe,batata_inglesa,2020,temporaria,,,,,,
SP,35,São Paulo,batata_inglesa,2020,temporaria,19542,19536,682800,34951.0,1002314,0.1819345009151348
TO,17,Tocantins,batata_inglesa,2020,temporaria,,,,,,
AC,12,Acre,batata_inglesa,2021,temporaria,,,,,,
AL,27,Alagoas,batata_inglesa,2021,temporaria,3,3,47,15667.0,118,1.2196818239381502e-05
AM,13,Amazonas,batata_inglesa,2021,temporaria,,,,,,
AP,16,Amapá,batata_inglesa,2021,temporaria,,,,,,
BA,29,Bahia,batata_inglesa,2021,temporaria,8521,8521,393914,46229.0,672914,0.10222335021165373
CE,23,Ceará,batata_inglesa,2021,temporaria,,,,,,
DF,53,Distrito Federal,batata_inglesa,2021,temporaria,100,100,4250,42500.0,13770,0.0011029037769653485
ES,32,Espírito Santo,batata_inglesa,2021,temporaria,323,323,7118,22037.0,13021,0.0018471691963386709
GO,52,Goiás,batata_inglesa,2021,temporaria,4308,4308,177618,41230.0,223304,0.04609307366047795
MA,21,Maranhão,batata_inglesa,2021,temporaria,,,,,,
MG,31,Minas Gerais,batata_inglesa,2021,temporaria,36908,36908,1306748,35406.0,1696846,0.33910995405692124
MS,50,Mato Grosso do Sul,batata_inglesa,2021,temporaria,,,,,,
MT,51,Mato Grosso,batata_inglesa,2021,temporaria,,,,,,
PA,15,Pará,batata_inglesa,2021,temporaria,,,,,,
PB,25,Paraíba,batata_inglesa,2021,temporaria,,,,,,
PE,26,Pernambuco,batata_inglesa,2021,temporaria,,,,,,
PI,22,Piauí,batata_inglesa,2021,temporaria,,,,,,
PR,41,Paraná,batata_inglesa,2021,temporaria,26895,26894,769378,28608.0,1142771,0.19965880049742257
RJ,33,Rio de Janeiro,batata_inglesa,2021,temporaria,11,11,198,18000.0,252,5.138234066803271e-05
RN,24,Rio Grande do Norte,batata_inglesa,2021,temporaria,,,,,,
RO,11,Rondônia,batata_inglesa,2021,temporaria,,,,,,
RR,14,Roraima,batata_inglesa,2021,temporaria,,,,,,
RS,43,Rio Grande do Sul,batata_inglesa,2021,temporaria,17684,17684,510858,28888.0,796408,0.1325711100454033
SC,42,Santa Catarina,batata_inglesa,2021,temporaria,4005,4005,101125,25250.0,165058,0.02624262222249903
SE,28,Sergipe,batata_inglesa,2021,temporaria,,,,,,
SP,35,São Paulo,batata_inglesa,2021,temporaria,17670,17665,582210,32958.0,759287,0.15108743717341072
TO,17,Tocantins,batata_inglesa,2021,temporaria,,,,,,
AC,12,Acre,batata_inglesa,2022,temporaria,,,,,,
AL,27,Alagoas,batata_inglesa,2022,temporaria,1,1,21,21000.0,42,5.348852136331543e-06
AM,13,Amazonas,batata_inglesa,2022,temporaria,,,,,,
AP,16,Amapá,batata_inglesa,2022,temporaria,,,,,,
BA,29,Bahia,batata_inglesa,2022,temporaria,8251,8251,403538,48908.0,618865,0.10278405206623611
CE,23,Ceará,batata_inglesa,2022,temporaria,,,,,,
DF,53,Distrito Federal,batata_inglesa,2022,temporaria,100,100,3967,39670.0,12694,0.0010104236392774872
ES,32,Espírito Santo,batata_inglesa,2022,temporaria,281,281,6750,24021.0,17288,0.0017192739009637104
GO,52,Goiás,batata_inglesa,2022,temporaria,5075,5075,223415,44023.0,525445,0.05690541904945294
MA,21,Maranhão,batata_inglesa,2022,temporaria,,,,,,
MG,31,Minas Gerais,batata_inglesa,2022,temporaria,36126,36126,1280838,35455.0,2203301,0.326238717742601
MS,50,Mato Grosso do Sul,batata_inglesa,2022,temporaria,,,,,,
MT,51,Mato Grosso,batata_inglesa,2022,temporaria,,,,,,
PA,15,Pará,batata_inglesa,2022,temporaria,,,,,,
PB,25,Paraíba,batata_inglesa,2022,temporaria,,,,,,
PE,26,Pernambuco,batata_inglesa,2022,temporaria,,,,,,
PI,22,Piauí,batata_inglesa,2022,temporaria,,,,,,
PR,41,Paraná,batata_inglesa,2022,temporaria,26417,26417,778671,29476.0,1336766,0.19833314484997233
RJ,33,Rio de Janeiro,batata_inglesa,2022,temporaria,21,21,298,14190.0,553,7.590275888699047e-05
RN,24,Rio Grande do Norte,batata_inglesa,2022,temporaria,,,,,,
RO,11,Rondônia,batata_inglesa,2022,temporaria,,,,,,
RR,14,Roraima,batata_inglesa,2022,temporaria,,,,,,
RS,43,Rio Grande do Sul,batata_inglesa,2022,temporaria,16901,16861,406187,24090.0,668554,0.10345877155714765
SC,42,Santa Catarina,batata_inglesa,2022,temporaria,4646,4646,133839,28807.0,231273,0.034089762908308445
SE,28,Sergipe,batata_inglesa,2022,temporaria,,,,,,
SP,35,São Paulo,batata_inglesa,2022,temporaria,20936,20934,688552,32892.0,1198422,0.17537918267501698
TO,17,Tocantins,batata_inglesa,2022,temporaria,,,,,,
AC,12,Acre,batata_inglesa,2023,temporaria,,,,,,
AL,27,Alagoas,batata_inglesa,2023,temporaria,,,,,,
AM,13,Amazonas,batata_inglesa,2023,temporaria,5,5,60,12000.0,300,1.432423966935835e-05
AP,16,Amapá,batata_inglesa,2023,temporaria,,,,,,
BA,29,Bahia,batata_inglesa,2023,temporaria,8852,8852,389385,43988.0,730506,0.09296073439421836
CE,23,Ceará,batata_inglesa,2023,temporaria,,,,,,
DF,53,Distrito Federal,batata_inglesa,2023,temporaria,100,100,4156,41560.0,26598,0.0009921923344308884
ES,32,Espírito Santo,batata_inglesa,2023,temporaria,310,310,7602,24523.0,18314,0.001814881166107703
GO,52,Goiás,batata_inglesa,2023,temporaria,5001,5001,235233,47037.0,577403,0.05615889783570288
MA,21,Maranhão,batata_inglesa,2023,temporaria,,,,,,
MG,31,Minas Gerais,batata_inglesa,2023,temporaria,38799,38799,1385691,35715.0,2641696,0.3308161665278807
MS,50,Mato Grosso do Sul,batata_inglesa,2023,temporaria,,,,,,
MT,51,Mato Grosso,batata_inglesa,2023,temporaria,,,,,,
PA,15,Pará,batata_inglesa,2023,temporaria,,,,,,
PB,25,Paraíba,batata_inglesa,2023,temporaria,,,,,,
PE,26,Pernambuco,batata_inglesa,2023,temporaria,,,,,,
PI,22,Piauí,batata_inglesa,2023,temporaria,,,,,,
PR,41,Paraná,batata_inglesa,2023,temporaria,26063,26063,791855,30382.0,1802354,0.18904534672299594
RJ,33,Rio de Janeiro,batata_inglesa,2023,temporaria,,,,,,
RN,24,Rio Grande do Norte,batata_inglesa,2023,temporaria,,,,,,
RO,11,Rondônia,batata_inglesa,2023,temporaria,,,,,,
RR,14,Roraima,batata_inglesa,2023,temporaria,,,,,,
RS,43,Rio Grande do Sul,batata_inglesa,2023,temporaria,16930,16930,468005,27644.0,925729,0.11173026310763425
SC,42,Santa Catarina,batata_inglesa,2023,temporaria,5211,5211,149197,28631.0,297984,0.035618893099154295
SE,28,Sergipe,batata_inglesa,2023,temporaria,,,,,,
SP,35,São Paulo,batata_inglesa,2023,temporaria,22184,22184,757520,34147.0,1149213,0.18084830057220563
TO,17,Tocantins,batata_inglesa,2023,temporaria,,,,,,
AC,12,Acre,batata_inglesa,2024,temporaria,,,,,,
AL,27,Alagoas,batata_inglesa,2024,temporaria,,,,,,
AM,13,Amazonas,batata_inglesa,2024,temporaria,,,,,,
AP,16,Amapá,batata_inglesa,2024,temporaria,,,,,,
BA,29,Bahia,batata_inglesa,2024,temporaria,10536,10536,510789,48480.0,1330343,0.12208345592532194
CE,23,Ceará,batata_inglesa,2024,temporaria,,,,,,
DF,53,Distrito Federal,batata_inglesa,2024,temporaria,100,100,4219,42190.0,10801,0.001008381348362892
ES,32,Espírito Santo,batata_inglesa,2024,temporaria,312,312,7633,24465.0,34182,0.0018243599981166046
GO,52,Goiás,batata_inglesa,2024,temporaria,6520,6520,267453,41020.0,972350,0.06392382478400108
MA,21,Maranhão,batata_inglesa,2024,temporaria,,,,,,
MG,31,Minas Gerais,batata_inglesa,2024,temporaria,39382,39382,1433085,36389.0,4760654,0.342521020293585
MS,50,Mato Grosso do Sul,batata_inglesa,2024,temporaria,,,,,,
MT,51,Mato Grosso,batata_inglesa,2024,temporaria,,,,,,
PA,15,Pará,batata_inglesa,2024,temporaria,,,,,,
PB,25,Paraíba,batata_inglesa,2024,temporaria,,,,,,
PE,26,Pernambuco,batata_inglesa,2024,temporaria,,,,,,
PI,22,Piauí,batata_inglesa,2024,temporaria,,,,,,
PR,41,Paraná,batata_inglesa,2024,temporaria,25446,25446,699042,27472.0,1993146,0.16707772328094164
RJ,33,Rio de Janeiro,batata_inglesa,2024,temporaria,11,11,198,18000.0,619,4.732389357095346e-05
RN,24,Rio Grande do Norte,batata_inglesa,2024,temporaria,,,,,,
RO,11,Rondônia,batata_inglesa,2024,temporaria,,,,,,
RR,14,Roraima,batata_inglesa,2024,temporaria,,,,,,
RS,43,Rio Grande do Sul,batata_inglesa,2024,temporaria,17842,17745,444157,25030.0,1207383,0.10615777069087866
SC,42,Santa Catarina,batata_inglesa,2024,temporaria,5689,5688,168810,29678.0,380831,0.040347204412690164
SE,28,Sergipe,batata_inglesa,2024,temporaria,,,,,,
SP,35,São Paulo,batata_inglesa,2024,temporaria,19078,19078,648547,33994.0,1360349,0.15500893537253105
TO,17,Tocantins,batata_inglesa,2024,temporaria,,,,,,
AC,12,Acre,cafe,2014,permanente,1373,1373,2000,1457.0,4680,0.0007132489559818407
AL,27,Alagoas,cafe,2014,permanente,,,,,,
AM,13,Amazonas,cafe,2014,permanente,371,315,429,1362.0,1103,0.00015299190105810484
AP,16,Amapá,cafe,2014,permanente,,,,,,
BA,29,Bahia,cafe,2014,permanente,161936,161006,201715,1253.0,919456,0.0719365065779385
CE,23,Ceará,cafe,2014,permanente,6136,6133,1631,266.0,10020,0.0005816545236031911
DF,53,Distrito Federal,cafe,2014,permanente,569,569,1309,2301.0,9907,0.00046682144169011474
ES,32,Espírito Santo,cafe,2014,permanente,446090,446090,774510,1736.0,3090829,0.27620922444874774
GO,52,Goiás,cafe,2014,permanente,5599,5599,14670,2620.0,61120,0.005231681092126801
MA,21,Maranhão,cafe,2014,permanente,,,,,,
MG,31,Minas Gerais,cafe,2014,permanente,1009340,1009090,1364409,1352.0,9368838,0.48658164739111365
MS,50,Mato Grosso do Sul,cafe,2014,permanente,1108,1108,1534,1384.0,7909,0.0005470619492380718
MT,51,Mato Grosso,cafe,2014,permanente,20110,20110,9952,495.0,30746,0.0035491268049656394
PA,15,Pará,cafe,2014,permanente,4377,4377,4114,940.0,13649,0.0014671531024546462
PB,25,Paraíba,cafe,2014,permanente,,,,,,
PE,26,Pernambuco,cafe,2014,permanente,2885,2690,741,275.0,1831,0.00026425873819127196
PI,22,Piauí,cafe,2014,permanente,,,,,,
PR,41,Paraná,cafe,2014,permanente,38333,35825,36671,1024.0,213147,0.01307777623240504
RJ,33,Rio de Janeiro,cafe,2014,permanente,12775,12725,17481,1374.0,66735,0.006234152499759279
RN,24,Rio Grande do Norte,cafe,2014,permanente,,,,,,
RO,11,Rondônia,cafe,2014,permanente,86189,85944,83647,973.0,284896,0.029830567710506514
RR,14,Roraima,cafe,2014,permanente,,,,,,
RS,43,Rio Grande do Sul,cafe,2014,permanente,,,,,,
SC,42,Santa Catarina,cafe,2014,permanente,,,,,,
SE,28,Sergipe,cafe,2014,permanente,,,,,,
SP,35,São Paulo,cafe,2014,permanente,204960,204873,289257,1412.0,1598993,0.10315612663021964
TO,17,Tocantins,cafe,2014,permanente,,,,,,
AC,12,Acre,cafe,2015,permanente,1411,1411,2229,1580.0,4691,0.0008419250735787368
AL,27,Alagoas,cafe,2015,permanente,,,,,,
AM,13,Amazonas,cafe,2015,permanente,1427,1377,2011,1460.0,7323,0.0007595833660685688
AP,16,Amapá,cafe,2015,permanente,,,,,,
BA,29,Bahia,cafe,2015,permanente,167095,163832,209108,1276.0,1087590,0.07898307235796433
CE,23,Ceará,cafe,2015,permanente,4325,4325,1713,396.0,10573,0.0006470245181876968
DF,53,Distrito Federal,cafe,2015,permanente,703,569,1309,2301.0,8300,0.0004944279593156422
ES,32,Espírito Santo,cafe,2015,permanente,443199,442660,618262,1397.0,3008659,0.23352637049840153
GO,52,Goiás,cafe,2015,permanente,6747,6747,18123,2686.0,78014,0.00684531543672833
MA,21,Maranhão,cafe,2015,permanente,,,,,,
MG,31,Minas Gerais,cafe,2015,permanente,997592,993668,1345834,1354.0,9328563,0.5083406861708235
MS,50,Mato Grosso do Sul,cafe,2015,permanente,1173,1146,1333,1163.0,7813,0.0005034931014268534
MT,51,Mato Grosso,cafe,2015,permanente,20189,20189,7175,355.0,28634,0.002710099776997504
PA,15,Pará,cafe,2015,permanente,1243,1243,993,799.0,3077,0.0003750702548513619
PB,25,Paraíba,cafe,2015,permanente,,,,,,
PE,26,Pernambuco,cafe,2015,permanente,2535,2367,893,377.0,2431,0.00033729882938798205
PI,22,Piauí,cafe,2015,permanente,,,,,,
PR,41,Paraná,cafe,2015,permanente,44747,44551,80304,1803.0,498465,0.030331965504112553
RJ,33,Rio de Janeiro,cafe,2015,permanente,12341,12321,19107,1551.0,83200,0.007216986263287988
RN,24,Rio Grande do Norte,cafe,2015,permanente,,,,,,
RO,11,Rondônia,cafe,2015,permanente,79975,79760,84734,1062.0,288547,0.03200523965214028
RR,14,Roraima,cafe,2015,permanente,,,,,,
RS,43,Rio Grande do Sul,cafe,2015,permanente,,,,,,
SC,42,Santa Catarina,cafe,2015,permanente,,,,,,
SE,28,Sergipe,cafe,2015,permanente,,,,,,
SP,35,São Paulo,cafe,2015,permanente,201570,201548,254376,1262.0,1429823,0.09608144123672713
TO,17,Tocantins,cafe,2015,permanente,,,,,,
AC,12,Acre,cafe,2016,permanente,1475,1475,2169,1471.0,8683,0.0007173563187218424
AL,27,Alagoas,cafe,2016,permanente,,,,,,
AM,13,Amazonas,cafe,2016,permanente,406,383,555,1449.0,1654,0.00018355590451388774
AP,16,Amapá,cafe,2016,permanente,,,,,,
BA,29,Bahia,cafe,2016,permanente,166087,165945,134824,812.0,925830,0.04459052481113586
CE,23,Ceará,cafe,2016,permanente,3393,3391,773,228.0,4860,0.0002556553408815049
DF,53,Distrito Federal,cafe,2016,permanente,474,474,1164,2456.0,9433,0.0003849713024399375
ES,32,Espírito Santo,cafe,2016,permanente,425085,423285,515367,1218.0,3321672,0.17044802854343924
GO,52,Goiás,cafe,2016,permanente,6996,6922,17200,2485.0,96261,0.005688579383133097
MA,21,Maranhão,cafe,2016,permanente,,,,,,
MG,31,Minas Gerais,cafe,2016,permanente,1041541,1041540,1834171,1761.0,14020107,0.6066178683570126
MS,50,Mato Grosso do Sul,cafe,2016,permanente,496,490,445,908.0,2712,0.00014717545497059469
MT,51,Mato Grosso,cafe,2016,permanente,16293,16293,5773,354.0,32206,0.001909312138303917
PA,15,Pará,cafe,2016,permanente,456,456,391,857.0,1241,0.0001293159615584326
PB,25,Paraíba,cafe,2016,permanente,,,,,,
PE,26,Pernambuco,cafe,2016,permanente,2560,900,449,499.0,2258,0.0001484983804085326
PI,22,Piauí,cafe,2016,permanente,,,,,,
PR,41,Paraná,cafe,2016,permanente,43388,43326,61871,1428.0,412940,0.020462679942664413
RJ,33,Rio de Janeiro,cafe,2016,permanente,12629,12629,17843,1413.0,85469,0.00590123964728162
RN,24,Rio Grande do Norte,cafe,2016,permanente,,,,,,
RO,11,Rondônia,cafe,2016,permanente,87437,79317,90331,1139.0,457826,0.02987529443359278
RR,14,Roraima,cafe,2016,permanente,,,,,,
RS,43,Rio Grande do Sul,cafe,2016,permanente,,,,,,
SC,42,Santa Catarina,cafe,2016,permanente,,,,,,
SE,28,Sergipe,cafe,2016,permanente,,,,,,
SP,35,São Paulo,cafe,2016,permanente,199844,199778,340276,1703.0,2008951,0.11253994407994174
TO,17,Tocantins,cafe,2016,permanente,,,,,,
AC,12,Acre,cafe,2017,permanente,1648,1538,2629,1709.0,10817,0.0009796381338210284
AL,27,Alagoas,cafe,2017,permanente,,,,,,
AM,13,Amazonas,cafe,2017,permanente,387,368,507,1378.0,1416,0.00018892222664407051
AP,16,Amapá,cafe,2017,permanente,,,,,,
BA,29,Bahia,cafe,2017,permanente,126707,123810,160648,1298.0,1033992,0.05986188928188687
CE,23,Ceará,cafe,2017,permanente,2891,2889,690,239.0,4441,0.00025711308951559893
DF,53,Distrito Federal,cafe,2017,permanente,528,528,968,1833.0,7179,0.0003607035806537678
ES,32,Espírito Santo,cafe,2017,permanente,406095,406095,552400,1360.0,3582367,0.20583952267886502
GO,52,Goiás,cafe,2017,permanente,5647,5647,14622,2589.0,62404,0.00544856173173491
MA,21,Maranhão,cafe,2017,permanente,,,,,,
MG,31,Minas Gerais,cafe,2017,permanente,925256,925108,1454779,1573.0,10737945,0.5420909032643674
MS,50,Mato Grosso do Sul,cafe,2017,permanente,473,470,464,987.0,2638,0.00017289923700759116
MT,51,Mato Grosso,cafe,2017,permanente,15756,15756,6776,430.0,38960,0.0025249250645763745
PA,15,Pará,cafe,2017,permanente,460,460,384,835.0,1204,0.00014308902373042027
PB,25,Paraíba,cafe,2017,permanente,,,,,,
PE,26,Pernambuco,cafe,2017,permanente,2236,2236,655,293.0,3480,0.00024407112120683667
PI,22,Piauí,cafe,2017,permanente,,,,,,
PR,41,Paraná,cafe,2017,permanente,40168,40127,67216,1675.0,475417,0.025046541195478982
RJ,33,Rio de Janeiro,cafe,2017,permanente,12216,12216,17265,1413.0,78044,0.006433416652879443
RN,24,Rio Grande do Norte,cafe,2017,permanente,,,,,,
RO,11,Rondônia,cafe,2017,permanente,71635,71605,140836,1967.0,812601,0.052479389963795496
RR,14,Roraima,cafe,2017,permanente,,,,,,
RS,43,Rio Grande do Sul,cafe,2017,permanente,,,,,,
SC,42,Santa Catarina,cafe,2017,permanente,,,,,,
SE,28,Sergipe,cafe,2017,permanente,,,,,,
SP,35,São Paulo,cafe,2017,permanente,193564,193564,262805,1358.0,1687106,0.09792841375383621
TO,17,Tocantins,cafe,2017,permanente,,,,,,
AC,12,Acre,cafe,2018,permanente,1195,1146,1969,1718.0,8726,0.0005543566548841242
AL,27,Alagoas,cafe,2018,permanente,,,,,,
AM,13,Amazonas,cafe,2018,permanente,258,246,347,1411.0,929,9.76951545174155e-05
AP,16,Amapá,cafe,2018,permanente,,,,,,
BA,29,Bahia,cafe,2018,permanente,125548,123013,248605,2021.0,1381542,0.06999280659597142
CE,23,Ceará,cafe,2018,permanente,1784,1784,669,375.0,3531,0.00018835175323386445
DF,53,Distrito Federal,cafe,2018,permanente,518,345,552,1600.0,3588,0.00015541131208534107
ES,32,Espírito Santo,cafe,2018,permanente,381857,381857,811381,2125.0,4392023,0.2284380177737611
GO,52,Goiás,cafe,2018,permanente,8144,8040,21091,2623.0,101040,0.005938007215927407
MA,21,Maranhão,cafe,2018,permanente,,,,,,
MG,31,Minas Gerais,cafe,2018,permanente,1014779,1014549,1896911,1870.0,13512938,0.5340605569186891
MS,50,Mato Grosso do Sul,cafe,2018,permanente,253,253,221,874.0,1279,6.222083328054416e-05
MT,51,Mato Grosso,cafe,2018,permanente,15540,15540,6963,448.0,30569,0.0019603785616851993
PA,15,Pará,cafe,2018,permanente,324,321,282,879.0,663,7.939490943490251e-05
PB,25,Paraíba,cafe,2018,permanente,,,,,,
PE,26,Pernambuco,cafe,2018,permanente,2159,2079,676,325.0,3940,0.0001903225488581351
PI,22,Piauí,cafe,2018,permanente,,,,,,
PR,41,Paraná,cafe,2018,permanente,39017,39009,65252,1673.0,436788,0.01837119372498673
RJ,33,Rio de Janeiro,cafe,2018,permanente,12197,12197,17825,1461.0,110089,0.005018490286089139
RN,24,Rio Grande do Norte,cafe,2018,permanente,,,,,,
RO,11,Rondônia,cafe,2018,permanente,64850,64850,136251,2101.0,659000,0.03836041065749965
RR,14,Roraima,cafe,2018,permanente,,,,,,
RS,43,Rio Grande do Sul,cafe,2018,permanente,,,,,,
SC,42,Santa Catarina,cafe,2018,permanente,,,,,,
SE,28,Sergipe,cafe,2018,permanente,,,,,,
SP,35,São Paulo,cafe,2018,permanente,198755,198737,342870,1725.0,1974169,0.09653238509909583
TO,17,Tocantins,cafe,2018,permanente,,,,,,
AC,12,Acre,cafe,2019,permanente,1201,1153,2057,1784.0,8799,0.0006829927500502201
AL,27,Alagoas,cafe,2019,permanente,,,,,,
AM,13,Amazonas,cafe,2019,permanente,221,219,325,1484.0,954,0.00010791086230739986
AP,16,Amapá,cafe,2019,permanente,,,,,,
BA,29,Bahia,cafe,2019,permanente,116870,116670,180252,1545.0,961096,0.05984968846964135
CE,23,Ceará,cafe,2019,permanente,1447,1447,540,373.0,3711,0.00017929804814152594
DF,53,Distrito Federal,cafe,2019,permanente,410,410,720,1756.0,6840,0.00023906406418870124
ES,32,Espírito Santo,cafe,2019,permanente,381013,381013,792245,2079.0,3673180,0.26305181879608003
GO,52,Goiás,cafe,2019,permanente,8184,8184,20178,2466.0,124675,0.006699770398888352
MA,21,Maranhão,cafe,2019,permanente,,,,,,
MG,31,Minas Gerais,cafe,2019,permanente,990814,990814,1495650,1510.0,9819161,0.49660578833865415
MS,50,Mato Grosso do Sul,cafe,2019,permanente,261,261,294,1126.0,1990,9.761782621038633e-05
MT,51,Mato Grosso,cafe,2019,permanente,12898,12885,9524,739.0,39627,0.0031622863157405425
PA,15,Pará,cafe,2019,permanente,271,271,246,908.0,459,8.16802219311396e-05
PB,25,Paraíba,cafe,2019,permanente,8,8,10,1250.0,50,3.320334224843073e-06
PE,26,Pernambuco,cafe,2019,permanente,1423,483,115,238.0,756,3.8183843585695334e-05
PI,22,Piauí,cafe,2019,permanente,,,,,,
PR,41,Paraná,cafe,2019,permanente,38002,37803,63356,1676.0,378625,0.021036309514915773
RJ,33,Rio de Janeiro,cafe,2019,permanente,12374,12374,18653,1507.0,101311,0.006193419429599783
RN,24,Rio Grande do Norte,cafe,2019,permanente,,,,,,
RO,11,Rondônia,cafe,2019,permanente,61800,61800,137180,2220.0,577248,0.04554834489639727
RR,14,Roraima,cafe,2019,permanente,,,,,,
RS,43,Rio Grande do Sul,cafe,2019,permanente,,,,,,
SC,42,Santa Catarina,cafe,2019,permanente,,,,,,
SE,28,Sergipe,cafe,2019,permanente,,,,,,
SP,35,São Paulo,cafe,2019,permanente,199718,199488,290400,1456.0,1955287,0.09642250588944283
TO,17,Tocantins,cafe,2019,permanente,,,,,,
AC,12,Acre,cafe,2020,permanente,1047,1003,2141,2135.0,9964,0.0005777556258313165
AL,27,Alagoas,cafe,2020,permanente,,,,,,
AM,13,Amazonas,cafe,2020,permanente,255,254,367,1445.0,1122,9.903611148066002e-05
AP,16,Amapá,cafe,2020,permanente,,,,,,
BA,29,Bahia,cafe,2020,permanente,119549,119549,244259,2043.0,1677056,0.0659140641802576
CE,23,Ceará,cafe,2020,permanente,1432,1432,513,358.0,3229,0.0001384346735410861
DF,53,Distrito Federal,cafe,2020,permanente,410,410,656,1600.0,7544,0.00017702367610711984
ES,32,Espírito Santo,cafe,2020,permanente,387026,387026,796174,2057.0,4660500,0.214850073629436
GO,52,Goiás,cafe,2020,permanente,7598,7488,18032,2408.0,109767,0.004865992267627416
MA,21,Maranhão,cafe,2020,permanente,,,,,,
MG,31,Minas Gerais,cafe,2020,permanente,1054911,1054898,2064689,1957.0,16616723,0.557162860972459
MS,50,Mato Grosso do Sul,cafe,2020,permanente,258,258,181,702.0,1374,4.884342282833642e-05
MT,51,Mato Grosso,cafe,2020,permanente,11814,11814,8146,690.0,36796,0.0021982238804399363
PA,15,Pará,cafe,2020,permanente,203,203,196,966.0,338,5.2891220300298e-05
PB,25,Paraíba,cafe,2020,permanente,12,12,16,1333.0,109,4.3176506367590206e-06
PE,26,Pernambuco,cafe,2020,permanente,1258,758,301,397.0,1962,8.122580260402906e-05
PI,22,Piauí,cafe,2020,permanente,,,,,,
PR,41,Paraná,cafe,2020,permanente,36864,36864,60347,1637.0,481298,0.01628482893603104
RJ,33,Rio de Janeiro,cafe,2020,permanente,12360,12360,20568,1664.0,130427,0.00555033989355372
RN,24,Rio Grande do Norte,cafe,2020,permanente,,,,,,
RO,11,Rondônia,cafe,2020,permanente,72189,63751,144439,2266.0,644191,0.03897732127017726
RR,14,Roraima,cafe,2020,permanente,,,,,,
RS,43,Rio Grande do Sul,cafe,2020,permanente,,,,,,
SC,42,Santa Catarina,cafe,2020,permanente,,,,,,
SE,28,Sergipe,cafe,2020,permanente,,,,,,
SP,35,São Paulo,cafe,2020,permanente,200368,200349,344694,1720.0,2901819,0.09301676678668835
TO,17,Tocantins,cafe,2020,permanente,,,,,,
AC,12,Acre,cafe,2021,permanente,1055,1017,2392,2352.0,14585,0.0008011840911367
AL,27,Alagoas,cafe,2021,permanente,,,,,,
AM,13,Amazonas,cafe,2021,permanente,257,246,356,1447.0,1202,0.00011923977276114766
AP,16,Amapá,cafe,2021,permanente,,,,,,
BA,29,Bahia,cafe,2021,permanente,114387,114287,210096,1838.0,2264250,0.07037022274726427
CE,23,Ceará,cafe,2021,permanente,1407,1407,483,343.0,2884,0.00016177755686414135
DF,53,Distrito Federal,cafe,2021,permanente,410,410,933,2276.0,18660,0.00031250198872514263
ES,32,Espírito Santo,cafe,2021,permanente,389026,389006,839704,2159.0,7361813,0.281253129625356
GO,52,Goiás,cafe,2021,permanente,6801,6801,17018,2502.0,170471,0.0057000630698011544
MA,21,Maranhão,cafe,2021,permanente,,,,,,
MG,31,Minas Gerais,cafe,2021,permanente,1002787,1002289,1359828,1357.0,18623418,0.45546511717484806
MS,50,Mato Grosso do Sul,cafe,2021,permanente,247,243,228,938.0,2918,7.636704547624063e-05
MT,51,Mato Grosso,cafe,2021,permanente,11672,11622,6313,543.0,61371,0.002114496307418891
PA,15,Pará,cafe,2021,permanente,199,199,189,950.0,480,6.330426138162053e-05
PB,25,Paraíba,cafe,2021,permanente,15,15,18,1200.0,140,6.02897727444005e-06
PE,26,Pernambuco,cafe,2021,permanente,990,985,223,226.0,2827,7.469232956667395e-05
PI,22,Piauí,cafe,2021,permanente,,,,,,
PR,41,Paraná,cafe,2021,permanente,32877,32713,53606,1639.0,721963,0.017954964209646297
RJ,33,Rio de Janeiro,cafe,2021,permanente,10726,10671,13234,1240.0,147725,0.00443263806944109
RN,24,Rio Grande do Norte,cafe,2021,permanente,,,,,,
RO,11,Rondônia,cafe,2021,permanente,60934,60934,162482,2667.0,1133424,0.05442223808364268
RR,14,Roraima,cafe,2021,permanente,,,,,,
RS,43,Rio Grande do Sul,cafe,2021,permanente,,,,,,
SC,42,Santa Catarina,cafe,2021,permanente,,,,,,
SE,28,Sergipe,cafe,2021,permanente,,,,,,
SP,35,São Paulo,cafe,2021,permanente,199810,199663,318478,1595.0,4301768,0.10667203468939547
TO,17,Tocantins,cafe,2021,permanente,,,,,,
AC,12,Acre,cafe,2022,permanente,1062,999,2570,2573.0,27682,0.0008083855690908588
AL,27,Alagoas,cafe,2022,permanente,,,,,,
AM,13,Amazonas,cafe,2022,permanente,320,313,463,1479.0,2706,0.00014563522120197183
AP,16,Amapá,cafe,2022,permanente,,,,,,
BA,29,Bahia,cafe,2022,permanente,116446,116446,240110,2062.0,2521771,0.07552585953089731
CE,23,Ceará,cafe,2022,permanente,1302,1302,448,344.0,8387,0.0001409170174913248
DF,53,Distrito Federal,cafe,2022,permanente,418,418,1205,2883.0,19682,0.00037902903142197854
ES,32,Espírito Santo,cafe,2022,permanente,408681,408646,950823,2327.0,12334955,0.29907844045123644
GO,52,Goiás,cafe,2022,permanente,6771,6771,16957,2504.0,242270,0.0053337720214294525
MA,21,Maranhão,cafe,2022,permanente,,,,,,
MG,31,Minas Gerais,cafe,2022,permanente,1022699,1022699,1397270,1366.0,28525092,0.43950696658505223
MS,50,Mato Grosso do Sul,cafe,2022,permanente,176,172,64,372.0,1438,2.0131002498760687e-05
MT,51,Mato Grosso,cafe,2022,permanente,11825,11825,9348,791.0,91615,0.0029403845524752325
PA,15,Pará,cafe,2022,permanente,187,187,158,845.0,550,4.969841241881544e-05
PB,25,Paraíba,cafe,2022,permanente,20,20,24,1200.0,192,7.549125937035257e-06
PE,26,Pernambuco,cafe,2022,permanente,1009,1001,596,595.0,10732,0.00018746996076970888
PI,22,Piauí,cafe,2022,permanente,,,,,,
PR,41,Paraná,cafe,2022,permanente,30773,30713,44867,1461.0,865140,0.01411277639237337
RJ,33,Rio de Janeiro,cafe,2022,permanente,11021,11021,19322,1753.0,346792,0.006077675473141468
RN,24,Rio Grande do Norte,cafe,2022,permanente,,,,,,
RO,11,Rondônia,cafe,2022,permanente,57475,57445,201574,3509.0,2237381,0.06340447965133103
RR,14,Roraima,cafe,2022,permanente,,,,,,
RS,43,Rio Grande do Sul,cafe,2022,permanente,,,,,,
SC,42,Santa Catarina,cafe,2022,permanente,,,,,,
SE,28,Sergipe,cafe,2022,permanente,,,,,,
SP,35,São Paulo,cafe,2022,permanente,199382,197414,293377,1486.0,4695407,0.09228083000123302
TO,17,Tocantins,cafe,2022,permanente,,,,,,
AC,12,Acre,cafe,2023,permanente,993,993,2858,2878.0,28093,0.0008535139509811827
AL,27,Alagoas,cafe,2023,permanente,,,,,,
AM,13,Amazonas,cafe,2023,permanente,330,329,405,1231.0,2949,0.00012094931775625577
AP,16,Amapá,cafe,2023,permanente,,,,,,
BA,29,Bahia,cafe,2023,permanente,122556,122556,232545,1897.0,2723795,0.06944730641389753
CE,23,Ceará,cafe,2023,permanente,1312,1312,494,377.0,7500,0.0001475283036335564
DF,53,Distrito Federal,cafe,2023,permanente,410,410,933,2276.0,14772,0.00027863139127552256
ES,32,Espírito Santo,cafe,2023,permanente,414800,414765,820614,1979.0,9464658,0.2450684035585977
GO,52,Goiás,cafe,2023,permanente,6196,6196,14934,2410.0,187410,0.004459894102152898
MA,21,Maranhão,cafe,2023,permanente,,,,,,
MG,31,Minas Gerais,cafe,2023,permanente,1070358,1070358,1735408,1621.0,24155722,0.5182627497006131
MS,50,Mato Grosso do Sul,cafe,2023,permanente,168,168,292,1738.0,3908,8.720296490080663e-05
MT,51,Mato Grosso,cafe,2023,permanente,12323,12143,11547,951.0,118020,0.0034483994373616924
PA,15,Pará,cafe,2023,permanente,203,203,179,882.0,861,5.345661204535749e-05
PB,25,Paraíba,cafe,2023,permanente,20,20,24,1200.0,228,7.16736697814849e-06
PE,26,Pernambuco,cafe,2023,permanente,1013,1000,267,267.0,4343,7.973695763190196e-05
PI,22,Piauí,cafe,2023,permanente,,,,,,
PR,41,Paraná,cafe,2023,permanente,26573,26573,41840,1575.0,613420,0.012495109765238868
RJ,33,Rio de Janeiro,cafe,2023,permanente,11125,11125,20146,1811.0,264010,0.006016407297574145
RN,24,Rio Grande do Norte,cafe,2023,permanente,3,3,4,1333.0,27,1.1945611630247484e-06
RO,11,Rondônia,cafe,2023,permanente,46438,46413,158667,3419.0,1622861,0.04738435901341193
RR,14,Roraima,cafe,2023,permanente,,,,,,
RS,43,Rio Grande do Sul,cafe,2023,permanente,,,,,,
SC,42,Santa Catarina,cafe,2023,permanente,,,,,,
SE,28,Sergipe,cafe,2023,permanente,,,,,,
SP,35,São Paulo,cafe,2023,permanente,191985,190672,307353,1612.0,4568833,0.09178798928478636
TO,17,Tocantins,cafe,2023,permanente,,,,,,
AC,12,Acre,cafe,2024,permanente,1115,1115,3079,2761.0,44923,0.0009088697898648178
AL,27,Alagoas,cafe,2024,permanente,2,2,4,2000.0,100,1.1807337315554633e-06
AM,13,Amazonas,cafe,2024,permanente,722,721,1046,1451.0,8368,0.00030876187080175363
AP,16,Amapá,cafe,2024,permanente,,,,,,
BA,29,Bahia,cafe,2024,permanente,123851,123851,219150,1769.0,4022714,0.06468944931759495
CE,23,Ceará,cafe,2024,permanente,1282,1280,510,398.0,8633,0.00015054355077332156
DF,53,Distrito Federal,cafe,2024,permanente,417,417,1098,2633.0,38430,0.00032411140931197464
ES,32,Espírito Santo,cafe,2024,permanente,423627,423477,881653,2082.0,16738331,0.2602493591567672
GO,52,Goiás,cafe,2024,permanente,6304,6304,16538,2623.0,327179,0.004881743613116062
MA,21,Maranhão,cafe,2024,permanente,,,,,,
MG,31,Minas Gerais,cafe,2024,permanente,1100093,1100093,1687329,1534.0,35135844,0.49807156663293706
MS,50,Mato Grosso do Sul,cafe,2024,permanente,159,155,77,497.0,1607,2.2729124332442666e-05
MT,51,Mato Grosso,cafe,2024,permanente,9506,9499,11762,1238.0,208094,0.0034719475376388397
PA,15,Pará,cafe,2024,permanente,137,137,97,708.0,1871,2.8632792990219984e-05
PB,25,Paraíba,cafe,2024,permanente,22,22,26,1182.0,396,7.674769255110511e-06
PE,26,Pernambuco,cafe,2024,permanente,982,972,573,590.0,13397,0.00016914010704532011
PI,22,Piauí,cafe,2024,permanente,,,,,,
PR,41,Paraná,cafe,2024,permanente,25959,25959,40206,1549.0,815788,0.011868145102729738
RJ,33,Rio de Janeiro,cafe,2024,permanente,11525,11525,19017,1650.0,383049,0.005613503343247561
RN,24,Rio Grande do Norte,cafe,2024,permanente,3,3,7,2333.0,105,2.0662840302220606e-06
RO,11,Rondônia,cafe,2024,permanente,48267,48186,170232,3533.0,2901625,0.050249666147537404
RR,14,Roraima,cafe,2024,permanente,,,,,,
RS,43,Rio Grande do Sul,cafe,2024,permanente,,,,,,
SC,42,Santa Catarina,cafe,2024,permanente,,,,,,
SE,28,Sergipe,cafe,2024,permanente,,,,,,
SP,35,São Paulo,cafe,2024,permanente,190405,190255,335310,1762.0,8555324,0.09897795688196559
TO,17,Tocantins,cafe,2024,permanente,4,4,10,2500.0,200,2.951834328888658e-06
AC,12,Acre,cana_de_acucar,2014,temporaria,3458,3455,188976,54696.0,13468,0.0002567230283815489
AL,27,Alagoas,cana_de_acucar,2014,temporaria,420072,420072,26884220,63999.0,1665817,0.03652208944033001
AM,13,Amazonas,cana_de_acucar,2014,temporaria,4639,4629,302066,65255.0,78697,0.00041035527416762415
AP,16,Amapá,cana_de_acucar,2014,temporaria,170,141,4381,31071.0,1934,5.951568386141974e-06
BA,29,Bahia,cana_de_acucar,2014,temporaria,118856,118645,6705267,56515.0,1044622,0.009109074434567686
CE,23,Ceará,cana_de_acucar,2014,temporaria,25190,25190,1176523,46706.0,125192,0.0015983010938984052
DF,53,Distrito Federal,cana_de_acucar,2014,temporaria,470,470,41037,87313.0,2348,5.5748576092697596e-05
ES,32,Espírito Santo,cana_de_acucar,2014,temporaria,76284,76284,4075723,53428.0,180555,0.0055368509832165545
GO,52,Goiás,cana_de_acucar,2014,temporaria,894843,894843,70152466,78396.0,4028818,0.09530180298002731
MA,21,Maranhão,cana_de_acucar,2014,temporaria,46810,46227,2665104,57653.0,675281,0.0036205315480895956
MG,31,Minas Gerais,cana_de_acucar,2014,temporaria,949801,932827,71086808,76206.0,3996975,0.09657110229731668
MS,50,Mato Grosso do Sul,cana_de_acucar,2014,temporaria,639899,639899,44039431,68822.0,2643959,0.05982736482156604
MT,51,Mato Grosso,cana_de_acucar,2014,temporaria,284153,276025,19032094,68951.0,1109785,0.02585501231967184
PA,15,Pará,cana_de_acucar,2014,temporaria,13350,13350,921704,69041.0,75572,0.0012521306523123948
PB,25,Paraíba,cana_de_acucar,2014,temporaria,119877,119877,6761570,56404.0,438460,0.009185561801571783
PE,26,Pernambuco,cana_de_acucar,2014,temporaria,305376,302932,15417362,50894.0,962841,0.020944415493473315
PI,22,Piauí,cana_de_acucar,2014,temporaria,14774,14774,903943,61185.0,75256,0.001228002415355931
PR,41,Paraná,cana_de_acucar,2014,temporaria,681152,679669,47947529,70545.0,2503427,0.06513649801187525
RJ,33,Rio de Janeiro,cana_de_acucar,2014,temporaria,92389,92389,4783066,51771.0,176437,0.006497773201193916
RN,24,Rio Grande do Norte,cana_de_acucar,2014,temporaria,65912,65887,3899348,59182.0,270803,0.005297246355481838
RO,11,Rondônia,cana_de_acucar,2014,temporaria,4866,4856,334636,68912.0,140541,0.00045460146963364654
RR,14,Roraima,cana_de_acucar,2014,temporaria,381,368,2808,7630.0,1231,3.814655108031651e-06
RS,43,Rio Grande do Sul,cana_de_acucar,2014,temporaria,24593,24583,1043336,42441.0,108236,0.0014173671658808085
SC,42,Santa Catarina,cana_de_acucar,2014,temporaria,11446,11446,563600,49240.0,63193,0.0007656480124240165
SE,28,Sergipe,cana_de_acucar,2014,temporaria,52903,48799,3037432,62244.0,174461,0.00412633742667336
SP,35,São Paulo,cana_de_acucar,2014,temporaria,5566584,5566084,401332100,72103.0,21417291,0.5452078152713922
TO,17,Tocantins,cana_de_acucar,2014,temporaria,36032,35957,2805957,78036.0,153285,0.0038118797019113843
AC,12,Acre,cana_de_acucar,2015,temporaria,3573,3568,197376,55318.0,14472,0.0002630661839164417
AL,27,Alagoas,cana_de_acucar,2015,temporaria,308006,308006,20714441,67253.0,1496675,0.027608569156494615
AM,13,Amazonas,cana_de_acucar,2015,temporaria,3828,3776,232389,61544.0,62014,0.000309732122518229
AP,16,Amapá,cana_de_acucar,2015,temporaria,140,135,4480,33185.0,2133,5.971022332733761e-06
BA,29,Bahia,cana_de_acucar,2015,temporaria,104863,104709,6227728,59477.0,456300,0.008300424770132
CE,23,Ceará,cana_de_acucar,2015,temporaria,19149,19149,906912,47361.0,98436,0.001208748170942911
DF,53,Distrito Federal,cana_de_acucar,2015,temporaria,456,456,39672,87000.0,2380,5.287553526433343e-05
ES,32,Espírito Santo,cana_de_acucar,2015,temporaria,76683,76683,3320809,43306.0,124069,0.004426032299496265
GO,52,Goiás,cana_de_acucar,2015,temporaria,930052,930052,72066835,77487.0,4998138,0.09605193777554444
MA,21,Maranhão,cana_de_acucar,2015,temporaria,47685,47685,3124141,65516.0,224314,0.0041639097503591935
MG,31,Minas Gerais,cana_de_acucar,2015,temporaria,917878,910927,69017764,75767.0,4074646,0.09198808263378308
MS,50,Mato Grosso do Sul,cana_de_acucar,2015,temporaria,546099,545650,43924003,80498.0,2819025,0.05854267920894302
MT,51,Mato Grosso,cana_de_acucar,2015,temporaria,291100,289091,20077293,69450.0,1211122,0.026759367161571256
PA,15,Pará,cana_de_acucar,2015,temporaria,13301,13301,918297,69040.0,77613,0.0012239222980094677
PB,25,Paraíba,cana_de_acucar,2015,temporaria,120559,120504,6801981,56446.0,425356,0.009065799209337215
PE,26,Pernambuco,cana_de_acucar,2015,temporaria,315467,309487,15965218,51586.0,1199039,0.021278721702000677
PI,22,Piauí,cana_de_acucar,2015,temporaria,15022,15022,861393,57342.0,80853,0.001148079651843869
PR,41,Paraná,cana_de_acucar,2015,temporaria,626375,626198,47368045,75644.0,2601666,0.06313295860556647
RJ,33,Rio de Janeiro,cana_de_acucar,2015,temporaria,79388,79388,3919509,49372.0,204141,0.005223990127756913
RN,24,Rio Grande do Norte,cana_de_acucar,2015,temporaria,59491,59487,3724046,62603.0,280543,0.004963473623689248
RO,11,Rondônia,cana_de_acucar,2015,temporaria,2393,2342,159383,68054.0,32777,0.00021242844920939846
RR,14,Roraima,cana_de_acucar,2015,temporaria,290,285,3975,13947.0,1753,5.297949502816228e-06
RS,43,Rio Grande do Sul,cana_de_acucar,2015,temporaria,19508,19501,834500,42793.0,91840,0.0011122361912201616
SC,42,Santa Catarina,cana_de_acucar,2015,temporaria,8030,8030,384625,47899.0,57449,0.0005126349251624382
SE,28,Sergipe,cana_de_acucar,2015,temporaria,57258,54097,3220415,59530.0,189661,0.00429222542090866
SP,35,São Paulo,cana_de_acucar,2015,temporaria,5576838,5527560,423419511,76602.0,22642728,0.5643409277446894
TO,17,Tocantins,cana_de_acucar,2015,temporaria,36395,36287,2855536,78693.0,162161,0.00380590830980474
AC,12,Acre,cana_de_acucar,2016,temporaria,3079,3079,117244,38079.0,10023,0.00015254344492451083
AL,27,Alagoas,cana_de_acucar,2016,temporaria,306667,306667,18701217,60982.0,1388500,0.02433171902579941
AM,13,Amazonas,cana_de_acucar,2016,temporaria,3600,3600,224429,62341.0,59392,0.0002919993586107864
AP,16,Amapá,cana_de_acucar,2016,temporaria,135,132,4560,34545.0,1925,5.932910075191647e-06
BA,29,Bahia,cana_de_acucar,2016,temporaria,108441,108296,6413820,59225.0,432209,0.008344872214575808
CE,23,Ceará,cana_de_acucar,2016,temporaria,16123,16123,715932,44404.0,98432,0.000931482494726339
DF,53,Distrito Federal,cana_de_acucar,2016,temporaria,296,296,20720,70000.0,1761,2.695831069253748e-05
ES,32,Espírito Santo,cana_de_acucar,2016,temporaria,67906,67906,2706102,39851.0,128661,0.0035208464518193565
GO,52,Goiás,cana_de_acucar,2016,temporaria,931242,931242,71054922,76301.0,5918590,0.09244790847056066
MA,21,Maranhão,cana_de_acucar,2016,temporaria,45633,45633,2520500,55234.0,196690,0.0032793640009913475
MG,31,Minas Gerais,cana_de_acucar,2016,temporaria,911614,909050,69934887,76932.0,4702994,0.09099065694949326
MS,50,Mato Grosso do Sul,cana_de_acucar,2016,temporaria,658282,658282,51927246,78883.0,3761288,0.06756133354613052
MT,51,Mato Grosso,cana_de_acucar,2016,temporaria,280191,276306,19209764,69524.0,1217698,0.02499337771439776
PA,15,Pará,cana_de_acucar,2016,temporaria,13359,13359,918560,68760.0,77592,0.0011951170786552716
PB,25,Paraíba,cana_de_acucar,2016,temporaria,122770,122738,6908885,56290.0,648949,0.00898898978614922
PE,26,Pernambuco,cana_de_acucar,2016,temporaria,266223,265183,13738711,51808.0,1334885,0.017875117743869802
PI,22,Piauí,cana_de_acucar,2016,temporaria,15353,15353,726743,47336.0,79416,0.0009455484356962725
PR,41,Paraná,cana_de_acucar,2016,temporaria,656903,650716,47492657,72985.0,2881385,0.061791592809851116
RJ,33,Rio de Janeiro,cana_de_acucar,2016,temporaria,56770,56770,2514376,44291.0,168220,0.003271396206846507
RN,24,Rio Grande do Norte,cana_de_acucar,2016,temporaria,60489,60422,3615991,59846.0,326010,0.004704681893794368
RO,11,Rondônia,cana_de_acucar,2016,temporaria,4965,4868,339481,69737.0,59397,0.00044169084325353846
RR,14,Roraima,cana_de_acucar,2016,temporaria,246,241,3008,12481.0,1347,3.913638926793086e-06
RS,43,Rio Grande do Sul,cana_de_acucar,2016,temporaria,17828,17819,761076,42711.0,95996,0.0009902183044707363
SC,42,Santa Catarina,cana_de_acucar,2016,temporaria,7628,7628,373845,49010.0,74080,0.00048640104540789936
SE,28,Sergipe,cana_de_acucar,2016,temporaria,58499,55744,2393110,42930.0,152983,0.0031136198311495352
SP,35,São Paulo,cana_de_acucar,2016,temporaria,5590586,5588566,442282329,79141.0,27610365,0.575443264430554
TO,17,Tocantins,cana_de_acucar,2016,temporaria,37875,37875,2974039,78522.0,169595,0.003869453058577388
AC,12,Acre,cana_de_acucar,2017,temporaria,2437,715,20229,28292.0,3502,2.6664603166373185e-05
AL,27,Alagoas,cana_de_acucar,2017,temporaria,321994,321994,17498101,54343.0,1236870,0.02306490282911255
AM,13,Amazonas,cana_de_acucar,2017,temporaria,3873,3867,241073,62341.0,64806,0.00031776735771056814
AP,16,Amapá,cana_de_acucar,2017,temporaria,95,86,3107,36128.0,145,4.095453163177689e-06
BA,29,Bahia,cana_de_acucar,2017,temporaria,76911,76876,4765663,61992.0,353148,0.006281799037009616
CE,23,Ceará,cana_de_acucar,2017,temporaria,15128,15126,689418,45578.0,99071,0.0009087477080307809
DF,53,Distrito Federal,cana_de_acucar,2017,temporaria,375,375,31125,83000.0,2220,4.1027029193403797e-05
ES,32,Espírito Santo,cana_de_acucar,2017,temporaria,50109,50109,2504378,49979.0,121193,0.0033011145162190588
GO,52,Goiás,cana_de_acucar,2017,temporaria,922717,922717,71381519,77360.0,5962578,0.09409065586771109
MA,21,Maranhão,cana_de_acucar,2017,temporaria,45494,45494,2482939,54577.0,209656,0.003272854966696894
MG,31,Minas Gerais,cana_de_acucar,2017,temporaria,907027,906994,69721579,76871.0,5486701,0.09190262673231193
MS,50,Mato Grosso do Sul,cana_de_acucar,2017,temporaria,661906,661906,46930191,70902.0,3308652,0.06186044389426557
MT,51,Mato Grosso,cana_de_acucar,2017,temporaria,279282,273273,19230604,70371.0,1311622,0.025348579974772297
PA,15,Pará,cana_de_acucar,2017,temporaria,12596,12596,859683,68250.0,74445,0.001133180386765396
PB,25,Paraíba,cana_de_acucar,2017,temporaria,100235,100133,5369180,53620.0,327499,0.007077317417016539
PE,26,Pernambuco,cana_de_acucar,2017,temporaria,257722,253089,12352698,48808.0,1080595,0.016282554263881147
PI,22,Piauí,cana_de_acucar,2017,temporaria,15309,15309,829102,54158.0,104756,0.0010928704243633566
PR,41,Paraná,cana_de_acucar,2017,temporaria,644108,614901,40755157,66279.0,2632614,0.05372090011311663
RJ,33,Rio de Janeiro,cana_de_acucar,2017,temporaria,55579,53572,2352977,43922.0,185557,0.0031015471829849857
RN,24,Rio Grande do Norte,cana_de_acucar,2017,temporaria,62729,62711,3723101,59369.0,394689,0.004907558985284847
RO,11,Rondônia,cana_de_acucar,2017,temporaria,3786,3707,236736,63862.0,44299,0.0003120505954419162
RR,14,Roraima,cana_de_acucar,2017,temporaria,238,238,2975,12500.0,1333,3.921459015273134e-06
RS,43,Rio Grande do Sul,cana_de_acucar,2017,temporaria,16737,16737,730267,43632.0,100702,0.0009625923061198203
SC,42,Santa Catarina,cana_de_acucar,2017,temporaria,7628,7628,369083,48385.0,74284,0.00048650213705346356
SE,28,Sergipe,cana_de_acucar,2017,temporaria,45841,45841,2205631,48115.0,137494,0.0029073248972490413
SP,35,São Paulo,cana_de_acucar,2017,temporaria,5686134,5685946,450424570,79217.0,30378109,0.5937215094880756
TO,17,Tocantins,cana_de_acucar,2017,temporaria,37268,37268,2935119,78757.0,165784,0.003868890374268728
AC,12,Acre,cana_de_acucar,2018,temporaria,517,455,11989,26349.0,2103,1.6037577903079773e-05
AL,27,Alagoas,cana_de_acucar,2018,temporaria,285275,285275,16738990,58677.0,1075954,0.022391596975884002
AM,13,Amazonas,cana_de_acucar,2018,temporaria,3962,3953,252734,63935.0,66296,0.00033808000782024883
AP,16,Amapá,cana_de_acucar,2018,temporaria,246,214,5988,27981.0,2885,8.010093959766592e-06
BA,29,Bahia,cana_de_acucar,2018,temporaria,73546,73546,4859080,66069.0,380419,0.006499947788580938
CE,23,Ceará,cana_de_acucar,2018,temporaria,12273,10013,512620,51195.0,95934,0.0006857271819732049
DF,53,Distrito Federal,cana_de_acucar,2018,temporaria,205,205,17425,85000.0,1147,2.3309266407637422e-05
ES,32,Espírito Santo,cana_de_acucar,2018,temporaria,52242,43888,2754118,62753.0,131183,0.0036841589773354126
GO,52,Goiás,cana_de_acucar,2018,temporaria,947391,947391,75733545,79939.0,6335663,0.10130808472882623
MA,21,Maranhão,cana_de_acucar,2018,temporaria,45368,43626,2427100,55634.0,213744,0.003246709928147879
MG,31,Minas Gerais,cana_de_acucar,2018,temporaria,921870,917810,70808004,77149.0,5603121,0.09471923265589992
MS,50,Mato Grosso do Sul,cana_de_acucar,2018,temporaria,680611,680611,49794753,73162.0,3479657,0.06660999502895282
MT,51,Mato Grosso,cana_de_acucar,2018,temporaria,286180,283780,20433828,72006.0,1336975,0.027334148670292165
PA,15,Pará,cana_de_acucar,2018,temporaria,13475,13475,925527,68685.0,79664,0.0012380691770709578
PB,25,Paraíba,cana_de_acucar,2018,temporaria,101724,101724,5447699,53554.0,432491,0.007287338152058535
PE,26,Pernambuco,cana_de_acucar,2018,temporaria,257120,255297,13083448,51248.0,1116593,0.017501611188664046
PI,22,Piauí,cana_de_acucar,2018,temporaria,14594,14594,839534,57526.0,103540,0.0011230371112923659
PR,41,Paraná,cana_de_acucar,2018,temporaria,613484,613034,40168956,65525.0,2509997,0.053733652609507354
RJ,33,Rio de Janeiro,cana_de_acucar,2018,temporaria,52676,52671,2191722,41612.0,130474,0.002931846886053366
RN,24,Rio Grande do Norte,cana_de_acucar,2018,temporaria,64240,64240,3855065,60010.0,363104,0.005156885917001937
RO,11,Rondônia,cana_de_acucar,2018,temporaria,1907,1878,71962,38318.0,12201,9.62629227676559e-05
RR,14,Roraima,cana_de_acucar,2018,temporaria,160,160,2031,12694.0,1221,2.7168505063937793e-06
RS,43,Rio Grande do Sul,cana_de_acucar,2018,temporaria,15691,15691,680979,43399.0,95781,0.0009109395081208909
SC,42,Santa Catarina,cana_de_acucar,2018,temporaria,4022,4022,181339,45087.0,32878,0.00024257555587343257
SE,28,Sergipe,cana_de_acucar,2018,temporaria,40309,39995,2120194,53011.0,167815,0.002836164521197958
SP,35,São Paulo,cana_de_acucar,2018,temporaria,5517302,5517302,430533785,78033.0,28052090,0.5759211874923095
TO,17,Tocantins,cana_de_acucar,2018,temporaria,39254,39254,3104359,79084.0,201959,0.004152673225592362
AC,12,Acre,cana_de_acucar,2019,temporaria,513,460,12119,26346.0,2151,1.6084240276093635e-05
AL,27,Alagoas,cana_de_acucar,2019,temporaria,304748,304548,18702251,61410.0,1235075,0.024821478569833525
AM,13,Amazonas,cana_de_acucar,2019,temporaria,3964,3956,284685,71963.0,74300,0.0003778316645762618
AP,16,Amapá,cana_de_acucar,2019,temporaria,438,411,11038,26856.0,5118,1.4649545685908206e-05
BA,29,Bahia,cana_de_acucar,2019,temporaria,73823,73708,5009768,67968.0,413204,0.0066489241884219044
CE,23,Ceará,cana_de_acucar,2019,temporaria,9867,9832,579180,58908.0,87345,0.0007686830830190537
DF,53,Distrito Federal,cana_de_acucar,2019,temporaria,205,205,17425,85000.0,1215,2.312632121552369e-05
ES,32,Espírito Santo,cana_de_acucar,2019,temporaria,45360,45360,2559423,56425.0,125814,0.003396845820625497
GO,52,Goiás,cana_de_acucar,2019,temporaria,946985,946970,75315239,79533.0,6396316,0.09995778533933643
MA,21,Maranhão,cana_de_acucar,2019,temporaria,47405,47405,2907191,61327.0,250340,0.0038584007403661136
MG,31,Minas Gerais,cana_de_acucar,2019,temporaria,944041,943289,72967219,77354.0,5648110,0.09684151189655457
MS,50,Mato Grosso do Sul,cana_de_acucar,2019,temporaria,727753,727753,52245291,71790.0,4325719,0.06933953409839362
MT,51,Mato Grosso,cana_de_acucar,2019,temporaria,297100,296113,23319052,78751.0,1506651,0.030948860085710194
PA,15,Pará,cana_de_acucar,2019,temporaria,14920,14920,1029044,68971.0,105028,0.001365739000798127
PB,25,Paraíba,cana_de_acucar,2019,temporaria,97751,97751,5430290,55552.0,435935,0.0072070376375004954
PE,26,Pernambuco,cana_de_acucar,2019,temporaria,238662,238637,12618828,52879.0,1140722,0.016747608016725646
PI,22,Piauí,cana_de_acucar,2019,temporaria,15938,15938,992980,62303.0,124296,0.001317875147236196
PR,41,Paraná,cana_de_acucar,2019,temporaria,596978,596978,41642402,69755.0,2777958,0.055267464266167354
RJ,33,Rio de Janeiro,cana_de_acucar,2019,temporaria,53512,53512,2457158,45918.0,175779,0.003261120527133071
RN,24,Rio Grande do Norte,cana_de_acucar,2019,temporaria,64171,64171,3849118,59982.0,423916,0.005108518752622904
RO,11,Rondônia,cana_de_acucar,2019,temporaria,2517,2517,111336,44234.0,18668,0.00014776425244485196
RR,14,Roraima,cana_de_acucar,2019,temporaria,210,210,2090,9952.0,1182,2.7738313538275187e-06
RS,43,Rio Grande do Sul,cana_de_acucar,2019,temporaria,14782,14780,628379,42515.0,93154,0.0008339796039649677
SC,42,Santa Catarina,cana_de_acucar,2019,temporaria,3849,3849,185602,48221.0,38153,0.0002463294961402369
SE,28,Sergipe,cana_de_acucar,2019,temporaria,35491,34951,1869853,53499.0,151328,0.0024816540088270084
SP,35,São Paulo,cana_de_acucar,2019,temporaria,5540511,5515027,425617093,77174.0,28813234,0.5648756159274272
TO,17,Tocantins,cana_de_acucar,2019,temporaria,39179,39179,3106411,79288.0,246661,0.004122803937643396
AC,12,Acre,cana_de_acucar,2020,temporaria,490,448,11822,26388.0,2148,1.5636106436709158e-05
AL,27,Alagoas,cana_de_acucar,2020,temporaria,270530,270530,15293563,56532.0,1112900,0.020227692341779478
AM,13,Amazonas,cana_de_acucar,2020,temporaria,4272,4271,305363,71497.0,80080,0.00040388160800480615
AP,16,Amapá,cana_de_acucar,2020,temporaria,393,386,10325,26749.0,5006,1.3656132546017767e-05
BA,29,Bahia,cana_de_acucar,2020,temporaria,76612,75038,5460092,72764.0,464482,0.007221669739995278
CE,23,Ceará,cana_de_acucar,2020,temporaria,9619,9619,588109,61140.0,83787,0.0007778493419376236
DF,53,Distrito Federal,cana_de_acucar,2020,temporaria,205,205,17425,85000.0,1722,2.3046790277419814e-05
ES,32,Espírito Santo,cana_de_acucar,2020,temporaria,43217,43217,2578915,59674.0,150654,0.003410944800475875
GO,52,Goiás,cana_de_acucar,2020,temporaria,928046,928031,75873273,81757.0,6411874,0.10035210390200398
MA,21,Maranhão,cana_de_acucar,2020,temporaria,47240,47240,2838087,60078.0,245787,0.003753732905484739
MG,31,Minas Gerais,cana_de_acucar,2020,temporaria,1005145,1005107,78383655,77985.0,6202996,0.10367240504807054
MS,50,Mato Grosso do Sul,cana_de_acucar,2020,temporaria,666447,666447,47896832,71869.0,5029647,0.0633496839056993
MT,51,Mato Grosso,cana_de_acucar,2020,temporaria,265149,265062,20806469,78497.0,1421224,0.027519215349017894
PA,15,Pará,cana_de_acucar,2020,temporaria,14906,14906,1014244,68043.0,124387,0.001341467360581428
PB,25,Paraíba,cana_de_acucar,2020,temporaria,100458,100458,5673632,56478.0,543712,0.007504103690976066
PE,26,Pernambuco,cana_de_acucar,2020,temporaria,261088,257788,14826596,57515.0,1657082,0.019610068782785168
PI,22,Piauí,cana_de_acucar,2020,temporaria,16097,16097,1002464,62276.0,125235,0.0013258868045143977
PR,41,Paraná,cana_de_acucar,2020,temporaria,571873,571873,40294131,70460.0,3053516,0.05329413983172915
RJ,33,Rio de Janeiro,cana_de_acucar,2020,temporaria,52958,52931,2557786,48323.0,213308,0.0033829989966439322
RN,24,Rio Grande do Norte,cana_de_acucar,2020,temporaria,68724,65872,3913165,59406.0,536131,0.005175661008662239
RO,11,Rondônia,cana_de_acucar,2020,temporaria,754,754,30643,40641.0,3474,4.0529285192021547e-05
RR,14,Roraima,cana_de_acucar,2020,temporaria,200,200,2290,11450.0,1411,3.028817775339534e-06
RS,43,Rio Grande do Sul,cana_de_acucar,2020,temporaria,14538,14526,538129,37046.0,85148,0.0007117444020199511
SC,42,Santa Catarina,cana_de_acucar,2020,temporaria,3919,3914,191018,48804.0,32658,0.00025264572655450093
SE,28,Sergipe,cana_de_acucar,2020,temporaria,38580,38380,2057934,53620.0,187954,0.002721880820819034
SP,35,São Paulo,cana_de_acucar,2020,temporaria,5515801,5512045,431525560,78288.0,32516332,0.5707477234241688
TO,17,Tocantins,cana_de_acucar,2020,temporaria,30789,30789,2379054,77270.0,248356,0.0031466030758483055
AC,12,Acre,cana_de_acucar,2021,temporaria,503,471,12439,26410.0,2358,1.7380690509193955e-05
AL,27,Alagoas,cana_de_acucar,2021,temporaria,291462,290462,17419082,59970.0,1651373,0.024339229294659637
AM,13,Amazonas,cana_de_acucar,2021,temporaria,5825,5825,287472,49351.0,82754,0.00040167713337559325
AP,16,Amapá,cana_de_acucar,2021,temporaria,332,314,8153,25965.0,3985,1.139197441285138e-05
BA,29,Bahia,cana_de_acucar,2021,temporaria,72993,72993,5482476,75110.0,634266,0.0076605208280475625
CE,23,Ceará,cana_de_acucar,2021,temporaria,9432,9432,574953,60958.0,91886,0.0008033668422166244
DF,53,Distrito Federal,cana_de_acucar,2021,temporaria,205,205,17425,85000.0,2335,2.434749836182206e-05
ES,32,Espírito Santo,cana_de_acucar,2021,temporaria,53374,53374,2924219,54787.0,251849,0.0040859349963907575
GO,52,Goiás,cana_de_acucar,2021,temporaria,930954,926609,72012198,77716.0,7084432,0.10062076745114526
MA,21,Maranhão,cana_de_acucar,2021,temporaria,47182,47182,2732064,57905.0,292324,0.0038174418229206903
MG,31,Minas Gerais,cana_de_acucar,2021,temporaria,977766,977571,69915645,71520.0,8992756,0.09769130858555139
MS,50,Mato Grosso do Sul,cana_de_acucar,2021,temporaria,673388,673388,47287616,70223.0,5494623,0.06607375340570851
MT,51,Mato Grosso,cana_de_acucar,2021,temporaria,251025,249650,19348547,77503.0,1517998,0.027035220452576024
PA,15,Pará,cana_de_acucar,2021,temporaria,14908,14908,1028940,69019.0,126758,0.0014377110453034831
PB,25,Paraíba,cana_de_acucar,2021,temporaria,101363,101163,5630113,55654.0,815947,0.007866810160365745
PE,26,Pernambuco,cana_de_acucar,2021,temporaria,279658,279497,15602250,55823.0,2318844,0.02180061729215141
PI,22,Piauí,cana_de_acucar,2021,temporaria,17892,17892,1110157,62048.0,149344,0.0015511934426895434
PR,41,Paraná,cana_de_acucar,2021,temporaria,567806,567806,37522243,66083.0,3480677,0.05242885222234659
RJ,33,Rio de Janeiro,cana_de_acucar,2021,temporaria,61454,61454,2556322,41597.0,363699,0.0035718821065876443
RN,24,Rio Grande do Norte,cana_de_acucar,2021,temporaria,66667,66127,4058263,61371.0,619599,0.005670505121626576
RO,11,Rondônia,cana_de_acucar,2021,temporaria,718,718,24528,34162.0,6851,3.427233514024514e-05
RR,14,Roraima,cana_de_acucar,2021,temporaria,164,164,2586,15768.0,1954,3.6133504025062757e-06
RS,43,Rio Grande do Sul,cana_de_acucar,2021,temporaria,14239,14222,590062,41489.0,115835,0.0008244782541390789
SC,42,Santa Catarina,cana_de_acucar,2021,temporaria,3917,3912,196145,50139.0,44952,0.0002740682964808946
SE,28,Sergipe,cana_de_acucar,2021,temporaria,37258,37108,2050654,55262.0,191638,0.0028653253891342246
SP,35,São Paulo,cana_de_acucar,2021,temporaria,5473240,5462505,405000643,74142.0,40638692,0.5658968431552013
TO,17,Tocantins,cana_de_acucar,2021,temporaria,36419,36418,2284081,62718.0,292381,0.003191486852554887
AC,12,Acre,cana_de_acucar,2022,temporaria,480,448,11896,26554.0,2377,1.6384485318195463e-05
AL,27,Alagoas,cana_de_acucar,2022,temporaria,279705,279705,17050772,60960.0,1639960,0.02348420674999145
AM,13,Amazonas,cana_de_acucar,2022,temporaria,4775,4775,360899,75581.0,76038,0.0004970699703136706
AP,16,Amapá,cana_de_acucar,2022,temporaria,280,280,6997,24989.0,3522,9.637041339224417e-06
BA,29,Bahia,cana_de_acucar,2022,temporaria,75453,75453,5208139,69025.0,727067,0.007173224359500774
CE,23,Ceará,cana_de_acucar,2022,temporaria,8431,8431,522601,61986.0,99268,0.0007197838274860683
DF,53,Distrito Federal,cana_de_acucar,2022,temporaria,287,287,27092,94397.0,1734,3.7314095178257523e-05
ES,32,Espírito Santo,cana_de_acucar,2022,temporaria,52697,52697,3108481,58988.0,284106,0.0042813434184927335
GO,52,Goiás,cana_de_acucar,2022,temporaria,933105,931090,73525072,78967.0,12191227,0.10126685126960865
MA,21,Maranhão,cana_de_acucar,2022,temporaria,47953,47953,2827703,58968.0,452135,0.0038946249401241822
MG,31,Minas Gerais,cana_de_acucar,2022,temporaria,977624,977624,73312381,74990.0,10371158,0.10097390972902254
MS,50,Mato Grosso do Sul,cana_de_acucar,2022,temporaria,631539,631534,40758940,64540.0,5953495,0.05613771469529336
MT,51,Mato Grosso,cana_de_acucar,2022,temporaria,229199,227879,17345179,76116.0,1822884,0.02388969659271791
PA,15,Pará,cana_de_acucar,2022,temporaria,17479,17479,1209679,69208.0,149969,0.0016661035486911038
PB,25,Paraíba,cana_de_acucar,2022,temporaria,102399,102399,5762668,56277.0,976479,0.007936982955584636
PE,26,Pernambuco,cana_de_acucar,2022,temporaria,285017,284797,17380159,61026.0,2823334,0.023937874912861697
PI,22,Piauí,cana_de_acucar,2022,temporaria,17827,17807,1063691,59734.0,205407,0.0014650327482007945
PR,41,Paraná,cana_de_acucar,2022,temporaria,521038,521038,34454276,66126.0,3699836,0.04745423497571069
RJ,33,Rio de Janeiro,cana_de_acucar,2022,temporaria,59789,59734,2708935,45350.0,387040,0.003731044530551936
RN,24,Rio Grande do Norte,cana_de_acucar,2022,temporaria,68626,68626,3342940,48712.0,740744,0.004604266253329552
RO,11,Rondônia,cana_de_acucar,2022,temporaria,502,502,17807,35472.0,5118,2.45257674900056e-05
RR,14,Roraima,cana_de_acucar,2022,temporaria,190,190,3135,16500.0,2629,4.317868314773266e-06
RS,43,Rio Grande do Sul,cana_de_acucar,2022,temporaria,13171,13136,412963,31438.0,97996,0.0005687782624796532
SC,42,Santa Catarina,cana_de_acucar,2022,temporaria,3877,3870,187593,48474.0,60321,0.0002583738024795092
SE,28,Sergipe,cana_de_acucar,2022,temporaria,40494,37936,2183372,57554.0,205114,0.0030071811094619255
SP,35,São Paulo,cana_de_acucar,2022,temporaria,5502458,5491033,420724619,76620.0,50649003,0.5794684215710223
TO,17,Tocantins,cana_de_acucar,2022,temporaria,29918,29918,2534723,84722.0,341337,0.003491100519434462
AC,12,Acre,cana_de_acucar,2023,temporaria,465,436,11457,26278.0,2558,1.4649804161131551e-05
AL,27,Alagoas,cana_de_acucar,2023,temporaria,290003,290003,18982924,65458.0,2253674,0.02427303124776503
AM,13,Amazonas,cana_de_acucar,2023,temporaria,4732,4729,357257,75546.0,70306,0.0004568163642483525
AP,16,Amapá,cana_de_acucar,2023,temporaria,236,223,5315,23834.0,2758,6.796169077106938e-06
BA,29,Bahia,cana_de_acucar,2023,temporaria,77268,77268,5651267,73139.0,776758,0.007226146007878626
CE,23,Ceará,cana_de_acucar,2023,temporaria,8725,8725,556369,63767.0,115913,0.00071141632987035
DF,53,Distrito Federal,cana_de_acucar,2023,temporaria,205,205,17425,85000.0,1133,2.2280949420242406e-05
ES,32,Espírito Santo,cana_de_acucar,2023,temporaria,53123,53123,3094072,58244.0,243033,0.003956319181325008
GO,52,Goiás,cana_de_acucar,2023,temporaria,978329,978329,81599588,83407.0,10584857,0.10433952900663526
MA,21,Maranhão,cana_de_acucar,2023,temporaria,45096,45096,2741432,60791.0,488211,0.0035054064694997984
MG,31,Minas Gerais,cana_de_acucar,2023,temporaria,1058212,1058212,82544375,78004.0,11462008,0.10554760655957084
MS,50,Mato Grosso do Sul,cana_de_acucar,2023,temporaria,660722,660722,51789876,78384.0,6372629,0.06622253128474181
MT,51,Mato Grosso,cana_de_acucar,2023,temporaria,239366,238056,19060217,80066.0,2073107,0.02437186404108146
PA,15,Pará,cana_de_acucar,2023,temporaria,17476,17473,1209026,69194.0,150024,0.001545953925610215
PB,25,Paraíba,cana_de_acucar,2023,temporaria,109237,109237,7066802,64692.0,1143029,0.009036158274023981
PE,26,Pernambuco,cana_de_acucar,2023,temporaria,260822,260601,16089574,61740.0,2649098,0.02057337070228105
PI,22,Piauí,cana_de_acucar,2023,temporaria,17951,17951,1183019,65903.0,218467,0.0015126993688485367
PR,41,Paraná,cana_de_acucar,2023,temporaria,519906,519906,38586024,74217.0,4672937,0.049339067378608874
RJ,33,Rio de Janeiro,cana_de_acucar,2023,temporaria,52667,52667,2382962,45246.0,277579,0.0030470390698628226
RN,24,Rio Grande do Norte,cana_de_acucar,2023,temporaria,65765,65495,3827272,58436.0,720429,0.004893845271134003
RO,11,Rondônia,cana_de_acucar,2023,temporaria,632,618,21173,34261.0,13259,2.7073431395970876e-05
RR,14,Roraima,cana_de_acucar,2023,temporaria,185,185,3035,16405.0,2768,3.880785164443943e-06
RS,43,Rio Grande do Sul,cana_de_acucar,2023,temporaria,12099,12049,426956,35435.0,103559,0.0005459388832521674
SC,42,Santa Catarina,cana_de_acucar,2023,temporaria,3931,3926,203695,51884.0,81718,0.000260460143021881
SE,28,Sergipe,cana_de_acucar,2023,temporaria,44947,43077,2476045,57480.0,253060,0.003166062175451599
SP,35,São Paulo,cana_de_acucar,2023,temporaria,5496459,5484192,439098082,80066.0,56729446,0.5614646861157793
TO,17,Tocantins,cana_de_acucar,2023,temporaria,36645,36638,3072997,83875.0,415996,0.003929371060290196
AC,12,Acre,cana_de_acucar,2024,temporaria,418,401,10198,25431.0,2407,1.3424382856385423e-05
AL,27,Alagoas,cana_de_acucar,2024,temporaria,274550,274550,18707595,68139.0,2528156,0.024626193136124894
AM,13,Amazonas,cana_de_acucar,2024,temporaria,5812,5810,260873,44901.0,381224,0.00034340645507882275
AP,16,Amapá,cana_de_acucar,2024,temporaria,220,213,4845,22746.0,2322,6.3778324121580085e-06
BA,29,Bahia,cana_de_acucar,2024,temporaria,75020,74564,5574992,74768.0,661444,0.007338774958745429
CE,23,Ceará,cana_de_acucar,2024,temporaria,8838,8828,556146,62998.0,122972,0.0007320961784710069
DF,53,Distrito Federal,cana_de_acucar,2024,temporaria,205,205,17425,85000.0,2614,2.2937818324427925e-05
ES,32,Espírito Santo,cana_de_acucar,2024,temporaria,53411,53411,3346324,62652.0,235266,0.004405014173123269
GO,52,Goiás,cana_de_acucar,2024,temporaria,1026487,1015810,80995596,79735.0,11181863,0.10662050307757596
MA,21,Maranhão,cana_de_acucar,2024,temporaria,46022,46022,2705753,58793.0,505519,0.0035617831130430894
MG,31,Minas Gerais,cana_de_acucar,2024,temporaria,1118810,1118810,83764720,74869.0,12219800,0.11026570613237156
MS,50,Mato Grosso do Sul,cana_de_acucar,2024,temporaria,672530,672523,52499052,78063.0,7998320,0.06910839121840429
MT,51,Mato Grosso,cana_de_acucar,2024,temporaria,245057,241946,19713635,81479.0,2235012,0.02595051811443809
PA,15,Pará,cana_de_acucar,2024,temporaria,17516,17516,1213359,69271.0,152720,0.0015972343359718533
PB,25,Paraíba,cana_de_acucar,2024,temporaria,110981,110961,7181745,64723.0,1216614,0.009453862959102935
PE,26,Pernambuco,cana_de_acucar,2024,temporaria,270601,270594,16102174,59507.0,2728210,0.021196484467163667
PI,22,Piauí,cana_de_acucar,2024,temporaria,18010,18010,1191702,66169.0,228444,0.001568725622545619
PR,41,Paraná,cana_de_acucar,2024,temporaria,501613,501513,34505828,68803.0,4383463,0.04542257754938067
RJ,33,Rio de Janeiro,cana_de_acucar,2024,temporaria,54729,54729,2493706,45565.0,321757,0.0032826499387395044
RN,24,Rio Grande do Norte,cana_de_acucar,2024,temporaria,64678,64398,3858316,59914.0,633318,0.00507898717051555
RO,11,Rondônia,cana_de_acucar,2024,temporaria,591,577,19095,33094.0,10761,2.5136163036152153e-05
RR,14,Roraima,cana_de_acucar,2024,temporaria,160,152,2325,15296.0,2897,3.060569733388518e-06
RS,43,Rio Grande do Sul,cana_de_acucar,2024,temporaria,11605,11485,472299,41123.0,112957,0.0006217221610794253
SC,42,Santa Catarina,cana_de_acucar,2024,temporaria,3785,3780,193818,51275.0,73939,0.0002551369912197401
SE,28,Sergipe,cana_de_acucar,2024,temporaria,51477,49683,2753407,55419.0,309305,0.003624513603397884
SP,35,São Paulo,cana_de_acucar,2024,temporaria,5445273,5398676,418569112,77532.0,56313234,0.5509935292552726
TO,17,Tocantins,cana_de_acucar,2024,temporaria,36112,36105,2948442,81663.0,406760,0.003881252621871617
AC,12,Acre,feijao,2014,temporaria,8194,7419,4657,628.0,14466,0.0014135311690148626
AL,27,Alagoas,feijao,2014,temporaria,49093,34545,13134,380.0,16068,0.00398654034224634
AM,13,Amazonas,feijao,2014,temporaria,2289,2204,1806,819.0,5247,0.0005481720616793734
AP,16,Amapá,feijao,2014,temporaria,1235,1180,1043,884.0,672,0.00031657998910940554
BA,29,Bahia,feijao,2014,temporaria,582156,498481,356328,715.0,424405,0.10815562258808846
CE,23,Ceará,feijao,2014,temporaria,403666,403666,108998,270.0,215506,0.033083974739162976
DF,53,Distrito Federal,feijao,2014,temporaria,16246,16246,44350,2730.0,82377,0.013461478923300227
ES,32,Espírito Santo,feijao,2014,temporaria,16285,16205,14133,872.0,35875,0.00428976508732812
GO,52,Goiás,feijao,2014,temporaria,129491,129371,316287,2445.0,497892,0.0960020469946755
MA,21,Maranhão,feijao,2014,temporaria,97573,97573,49988,512.0,92923,0.015172771328476477
MG,31,Minas Gerais,feijao,2014,temporaria,389791,376625,573203,1522.0,809702,0.17398331687198332
MS,50,Mato Grosso do Sul,feijao,2014,temporaria,20307,19651,29241,1488.0,28861,0.008875470241177496
MT,51,Mato Grosso,feijao,2014,temporaria,223929,223729,304043,1359.0,360841,0.09228564681571523
PA,15,Pará,feijao,2014,temporaria,41324,41324,28751,696.0,64822,0.00872674138723348
PB,25,Paraíba,feijao,2014,temporaria,84296,65940,17874,271.0,31923,0.0054252643579496785
PE,26,Pernambuco,feijao,2014,temporaria,229343,190338,52787,277.0,101011,0.016022346965597498
PI,22,Piauí,feijao,2014,temporaria,231904,214224,55278,258.0,113947,0.01677843589452514
PR,41,Paraná,feijao,2014,temporaria,511911,509025,813623,1598.0,1358777,0.2469575843520248
RJ,33,Rio de Janeiro,feijao,2014,temporaria,2631,2543,2466,970.0,4969,0.0007485007220937623
RN,24,Rio Grande do Norte,feijao,2014,temporaria,44212,24514,10102,412.0,18453,0.003066242617433571
RO,11,Rondônia,feijao,2014,temporaria,27097,26857,21587,804.0,54424,0.006552264836917294
RR,14,Roraima,feijao,2014,temporaria,2654,2621,1886,720.0,5032,0.0005724543235477842
RS,43,Rio Grande do Sul,feijao,2014,temporaria,76388,76133,110765,1455.0,239038,0.0336203091981815
SC,42,Santa Catarina,feijao,2014,temporaria,89299,88018,145171,1649.0,240812,0.04406350297123827
SE,28,Sergipe,feijao,2014,temporaria,14624,11945,10177,852.0,15010,0.003089007237935206
SP,35,São Paulo,feijao,2014,temporaria,94018,93918,194490,2071.0,316795,0.05903321388484016
TO,17,Tocantins,feijao,2014,temporaria,11510,11450,12418,1085.0,24147,0.0037692140985240634
AC,12,Acre,feijao,2015,temporaria,7579,7075,4226,597.0,13928,0.0013679328191554616
AL,27,Alagoas,feijao,2015,temporaria,49587,32203,10652,331.0,21256,0.0034479934665508703
AM,13,Amazonas,feijao,2015,temporaria,2486,2428,2434,1002.0,4853,0.0007878723336072868
AP,16,Amapá,feijao,2015,temporaria,1129,1100,980,891.0,734,0.0003172205780341582
BA,29,Bahia,feijao,2015,temporaria,564124,507076,413496,815.0,626067,0.13384636748450232
CE,23,Ceará,feijao,2015,temporaria,404647,404612,67368,167.0,149738,0.021806648878576702
DF,53,Distrito Federal,feijao,2015,temporaria,15708,15708,33496,2132.0,82167,0.010842469879420573
ES,32,Espírito Santo,feijao,2015,temporaria,14383,13109,13483,1029.0,30110,0.004364372503708729
GO,52,Goiás,feijao,2015,temporaria,123052,122797,289463,2357.0,698310,0.09369757161173625
MA,21,Maranhão,feijao,2015,temporaria,86748,86748,45918,529.0,88409,0.01486340255323722
MG,31,Minas Gerais,feijao,2015,temporaria,346758,333535,509164,1527.0,1132960,0.1648135697899838
MS,50,Mato Grosso do Sul,feijao,2015,temporaria,16452,16404,27057,1649.0,44343,0.008758201203949201
MT,51,Mato Grosso,feijao,2015,temporaria,239841,239841,318881,1330.0,430705,0.10322001545317387
PA,15,Pará,feijao,2015,temporaria,36365,36354,24800,682.0,47606,0.008027622791068494
PB,25,Paraíba,feijao,2015,temporaria,64350,47438,7019,148.0,14483,0.0022720114665528124
PE,26,Pernambuco,feijao,2015,temporaria,190253,94844,33967,358.0,95356,0.010994929973557398
PI,22,Piauí,feijao,2015,temporaria,211609,186972,47531,254.0,106081,0.015385521729124054
PR,41,Paraná,feijao,2015,temporaria,422093,420948,726213,1725.0,1368239,0.2350711302407348
RJ,33,Rio de Janeiro,feijao,2015,temporaria,1760,1699,1810,1065.0,4156,0.0005858869859610473
RN,24,Rio Grande do Norte,feijao,2015,temporaria,43712,14233,4169,293.0,8058,0.0013494822345146995
RO,11,Rondônia,feijao,2015,temporaria,22285,22175,19475,878.0,41777,0.006303949752260439
RR,14,Roraima,feijao,2015,temporaria,2688,2688,1964,731.0,5707,0.0006357359339378435
RS,43,Rio Grande do Sul,feijao,2015,temporaria,67248,66588,95349,1432.0,216457,0.030863943770386683
SC,42,Santa Catarina,feijao,2015,temporaria,77051,76689,138776,1810.0,280140,0.044921023405375855
SE,28,Sergipe,feijao,2015,temporaria,14913,10078,7992,793.0,11471,0.0025869661833152983
SP,35,São Paulo,feijao,2015,temporaria,94734,94614,235999,2494.0,490983,0.07639157060763602
TO,17,Tocantins,feijao,2015,temporaria,8570,8570,7651,893.0,17748,0.0024765863699381064
AC,12,Acre,feijao,2016,temporaria,7540,7540,4444,589.0,27406,0.0016953633490979743
AL,27,Alagoas,feijao,2016,temporaria,37866,12241,5748,470.0,25783,0.002192832702658676
AM,13,Amazonas,feijao,2016,temporaria,2288,2276,2004,880.0,4830,0.0007645157856868453
AP,16,Amapá,feijao,2016,temporaria,1300,1258,1100,874.0,1432,0.0004196443933410828
BA,29,Bahia,feijao,2016,temporaria,371527,312402,144639,463.0,608492,0.05517904128041897
CE,23,Ceará,feijao,2016,temporaria,383700,383661,56669,148.0,241160,0.021618934660223472
DF,53,Distrito Federal,feijao,2016,temporaria,16100,16100,25795,1602.0,100361,0.00984066102384839
ES,32,Espírito Santo,feijao,2016,temporaria,10503,10330,10843,1050.0,36724,0.004136549233633964
GO,52,Goiás,feijao,2016,temporaria,143250,143150,330284,2307.0,1399105,0.12600166255478742
MA,21,Maranhão,feijao,2016,temporaria,71802,69948,33776,483.0,81077,0.012885371844989465
MG,31,Minas Gerais,feijao,2016,temporaria,339927,324505,522388,1610.0,2188925,0.19928835940787412
MS,50,Mato Grosso do Sul,feijao,2016,temporaria,15935,15219,16446,1081.0,84364,0.006274065175352225
MT,51,Mato Grosso,feijao,2016,temporaria,251672,225683,230897,1023.0,885110,0.08808602862661453
PA,15,Pará,feijao,2016,temporaria,31361,31312,24066,769.0,83453,0.009181056336496816
PB,25,Paraíba,feijao,2016,temporaria,81696,70315,9349,133.0,32770,0.0035665958484961662
PE,26,Pernambuco,feijao,2016,temporaria,240036,117902,24853,211.0,132181,0.009481292825187209
PI,22,Piauí,feijao,2016,temporaria,219687,163536,21959,134.0,81198,0.008377246575797125
PR,41,Paraná,feijao,2016,temporaria,386377,378934,595210,1571.0,1831325,0.22706958123685989
RJ,33,Rio de Janeiro,feijao,2016,temporaria,1720,1686,1717,1018.0,4423,0.0006550267485151265
RN,24,Rio Grande do Norte,feijao,2016,temporaria,36693,11900,3484,293.0,12711,0.0013291282421821202
RO,11,Rondônia,feijao,2016,temporaria,18790,18762,13323,710.0,35446,0.005082656593166587
RR,14,Roraima,feijao,2016,temporaria,2494,2484,1613,649.0,6295,0.0006153512785992423
RS,43,Rio Grande do Sul,feijao,2016,temporaria,61340,60889,87730,1441.0,230509,0.033468547843466534
SC,42,Santa Catarina,feijao,2016,temporaria,73723,71338,123461,1731.0,347105,0.047099742223894014
SE,28,Sergipe,feijao,2016,temporaria,13380,5286,2643,500.0,9066,0.0010082910287277107
SP,35,São Paulo,feijao,2016,temporaria,112417,112136,308813,2754.0,1225050,0.11781058549167255
TO,17,Tocantins,feijao,2016,temporaria,16979,16979,18013,1061.0,37738,0.006871867688411749
AC,12,Acre,feijao,2017,temporaria,6906,6906,3907,566.0,19741,0.0012826325252890682
AL,27,Alagoas,feijao,2017,temporaria,47888,29664,14464,488.0,32157,0.004748399499815993
AM,13,Amazonas,feijao,2017,temporaria,1792,1771,2221,1254.0,4944,0.0007291340769559817
AP,16,Amapá,feijao,2017,temporaria,1412,1350,1274,944.0,1699,0.00041824259974872614
BA,29,Bahia,feijao,2017,temporaria,374306,276676,134828,487.0,301040,0.04426280474012657
CE,23,Ceará,feijao,2017,temporaria,445896,445894,133341,299.0,309885,0.04377463617982331
DF,53,Distrito Federal,feijao,2017,temporaria,14954,14954,44625,2984.0,89771,0.014649981172517193
ES,32,Espírito Santo,feijao,2017,temporaria,11059,11048,11674,1057.0,37146,0.00383246790381996
GO,52,Goiás,feijao,2017,temporaria,154025,154023,355422,2308.0,846404,0.11668180634842366
MA,21,Maranhão,feijao,2017,temporaria,74132,74132,43454,586.0,98190,0.014265552534914558
MG,31,Minas Gerais,feijao,2017,temporaria,305099,291665,498441,1709.0,1130282,0.16363364180640094
MS,50,Mato Grosso do Sul,feijao,2017,temporaria,23108,22908,31338,1368.0,67683,0.01028798005567157
MT,51,Mato Grosso,feijao,2017,temporaria,259486,259031,352422,1361.0,618573,0.11569693366455697
PA,15,Pará,feijao,2017,temporaria,33478,33468,27880,833.0,71074,0.009152750142067885
PB,25,Paraíba,feijao,2017,temporaria,82159,72639,20527,283.0,51164,0.006738827193910598
PE,26,Pernambuco,feijao,2017,temporaria,224420,146071,47844,328.0,122284,0.015706749562306166
PI,22,Piauí,feijao,2017,temporaria,234224,218110,68653,315.0,232557,0.02253815478850023
PR,41,Paraná,feijao,2017,temporaria,438384,429776,702212,1634.0,1665752,0.2305298056944682
RJ,33,Rio de Janeiro,feijao,2017,temporaria,1576,1576,1699,1078.0,4650,0.0005577662299631756
RN,24,Rio Grande do Norte,feijao,2017,temporaria,44140,26271,8941,340.0,26295,0.0029352488888173944
RO,11,Rondônia,feijao,2017,temporaria,17510,17486,16541,946.0,92664,0.005430259687946373
RR,14,Roraima,feijao,2017,temporaria,1884,1854,1716,926.0,3717,0.0005633471751717536
RS,43,Rio Grande do Sul,feijao,2017,temporaria,68262,65753,98783,1502.0,261108,0.03242955944346814
SC,42,Santa Catarina,feijao,2017,temporaria,77214,66528,129591,1948.0,273019,0.04254354532498993
SE,28,Sergipe,feijao,2017,temporaria,15426,15196,13691,901.0,21274,0.004494630638273006
SP,35,São Paulo,feijao,2017,temporaria,97923,97923,265564,2712.0,550942,0.08718224313945895
TO,17,Tocantins,feijao,2017,temporaria,18575,18575,15026,809.0,28908,0.0049328989825936885
AC,12,Acre,feijao,2018,temporaria,6108,6108,3401,557.0,14464,0.0011661777589567835
AL,27,Alagoas,feijao,2018,temporaria,27666,12341,8257,669.0,15443,0.0028312642621894034
AM,13,Amazonas,feijao,2018,temporaria,1409,1340,1324,988.0,3010,0.00045398981266062376
AP,16,Amapá,feijao,2018,temporaria,1006,960,782,815.0,1057,0.0002681420192602778
BA,29,Bahia,feijao,2018,temporaria,364690,345104,129051,374.0,295129,0.04425063392270858
CE,23,Ceará,feijao,2018,temporaria,426608,426608,137953,323.0,270353,0.047303063916896544
DF,53,Distrito Federal,feijao,2018,temporaria,15500,15500,35820,2311.0,58007,0.012282413209594821
ES,32,Espírito Santo,feijao,2018,temporaria,11281,11256,11839,1052.0,28134,0.004059505583148886
GO,52,Goiás,feijao,2018,temporaria,150799,149949,344329,2296.0,656600,0.1180678687338519
MA,21,Maranhão,feijao,2018,temporaria,67599,67599,34236,506.0,66291,0.01173927131891927
MG,31,Minas Gerais,feijao,2018,temporaria,297059,286310,490414,1713.0,1051145,0.16815933533696914
MS,50,Mato Grosso do Sul,feijao,2018,temporaria,22014,21815,24176,1108.0,33270,0.00828977168495713
MT,51,Mato Grosso,feijao,2018,temporaria,266533,262833,332976,1267.0,396957,0.11417500895806938
PA,15,Pará,feijao,2018,temporaria,27112,27112,20584,759.0,40745,0.0070581014379201504
PB,25,Paraíba,feijao,2018,temporaria,96393,90713,33878,373.0,57136,0.011616515765344873
PE,26,Pernambuco,feijao,2018,temporaria,195596,164532,50601,308.0,107706,0.017350708844743372
PI,22,Piauí,feijao,2018,temporaria,237200,228493,93926,411.0,219295,0.03220653107549981
PR,41,Paraná,feijao,2018,temporaria,411818,404966,635086,1568.0,1165728,0.21776629468533604
RJ,33,Rio de Janeiro,feijao,2018,temporaria,1391,1386,1458,1052.0,3971,0.0004999374220990857
RN,24,Rio Grande do Norte,feijao,2018,temporaria,55434,50644,22241,439.0,48214,0.00762627448896143
RO,11,Rondônia,feijao,2018,temporaria,17080,17054,16158,947.0,44380,0.005540458756019908
RR,14,Roraima,feijao,2018,temporaria,793,793,910,1148.0,2927,0.0003120322730522414
RS,43,Rio Grande do Sul,feijao,2018,temporaria,59340,59061,94824,1606.0,223707,0.03251444863725905
SC,42,Santa Catarina,feijao,2018,temporaria,70814,70814,124420,1757.0,236177,0.04266269825621964
SE,28,Sergipe,feijao,2018,temporaria,6511,2738,1927,704.0,4120,0.0006607540551337025
SP,35,São Paulo,feijao,2018,temporaria,93177,93083,242769,2608.0,497626,0.08324369549079076
TO,17,Tocantins,feijao,2018,temporaria,18563,18563,23025,1240.0,47339,0.007895102293437206
AC,12,Acre,feijao,2019,temporaria,5415,5385,3025,562.0,12137,0.0010402070097917007
AL,27,Alagoas,feijao,2019,temporaria,28873,18162,9802,540.0,24965,0.003370614581810992
AM,13,Amazonas,feijao,2019,temporaria,1527,1489,1432,962.0,3015,0.0004924219629823853
AP,16,Amapá,feijao,2019,temporaria,975,975,805,826.0,1112,0.00027681541913465095
BA,29,Bahia,feijao,2019,temporaria,357397,313510,179570,573.0,438765,0.061748751321750645
CE,23,Ceará,feijao,2019,temporaria,380148,377145,110067,292.0,263900,0.037848748742725
DF,53,Distrito Federal,feijao,2019,temporaria,13230,13230,33609,2540.0,105348,0.011557129716393147
ES,32,Espírito Santo,feijao,2019,temporaria,9932,9932,9766,983.0,30177,0.003358235258719256
GO,52,Goiás,feijao,2019,temporaria,148945,148603,341045,2295.0,980863,0.11727517343947456
MA,21,Maranhão,feijao,2019,temporaria,53868,53868,31047,576.0,64611,0.010676134556364606
MG,31,Minas Gerais,feijao,2019,temporaria,324413,308854,531604,1721.0,1559234,0.18280271313497762
MS,50,Mato Grosso do Sul,feijao,2019,temporaria,24507,24190,31323,1295.0,67701,0.010771042700067915
MT,51,Mato Grosso,feijao,2019,temporaria,170289,170289,278957,1638.0,552638,0.09592496754726064
PA,15,Pará,feijao,2019,temporaria,27464,27464,20883,760.0,48647,0.007181039003464491
PB,25,Paraíba,feijao,2019,temporaria,89014,77085,21143,274.0,41112,0.007270445225793695
PE,26,Pernambuco,feijao,2019,temporaria,178795,122991,47498,386.0,117711,0.01633314133920205
PI,22,Piauí,feijao,2019,temporaria,196472,190380,78642,413.0,186607,0.027042631293897165
PR,41,Paraná,feijao,2019,temporaria,419894,415225,635728,1531.0,1485254,0.21860784195730854
RJ,33,Rio de Janeiro,feijao,2019,temporaria,1509,1509,2838,1881.0,7164,0.0009759033037318501
RN,24,Rio Grande do Norte,feijao,2019,temporaria,56581,53637,26390,492.0,48652,0.009074731566414208
RO,11,Rondônia,feijao,2019,temporaria,16815,16548,16036,969.0,44625,0.005514300697196599
RR,14,Roraima,feijao,2019,temporaria,843,843,970,1151.0,2951,0.0003335539833051073
RS,43,Rio Grande do Sul,feijao,2019,temporaria,62024,61404,91774,1495.0,250853,0.03155833326169373
SC,42,Santa Catarina,feijao,2019,temporaria,63684,62028,108976,1757.0,269306,0.03747358647902822
SE,28,Sergipe,feijao,2019,temporaria,5959,4768,3836,805.0,7654,0.0013190856494416409
SP,35,São Paulo,feijao,2019,temporaria,98778,98488,264859,2689.0,798259,0.0910770870765025
TO,17,Tocantins,feijao,2019,temporaria,29689,29689,26450,891.0,61129,0.009095363771567102
AC,12,Acre,feijao,2020,temporaria,5255,5255,2941,560.0,11679,0.0009689022248841501
AL,27,Alagoas,feijao,2020,temporaria,35284,20238,10735,530.0,32686,0.003536608427110286
AM,13,Amazonas,feijao,2020,temporaria,1572,1528,1508,987.0,3394,0.0004968053570640253
AP,16,Amapá,feijao,2020,temporaria,995,987,812,823.0,1085,0.00026751057688062903
BA,29,Bahia,feijao,2020,temporaria,355306,336117,193630,576.0,686382,0.06379073029728595
CE,23,Ceará,feijao,2020,temporaria,375322,374653,124746,333.0,439348,0.04109713598959476
DF,53,Distrito Federal,feijao,2020,temporaria,18100,18100,46484,2568.0,205877,0.015313992186846254
ES,32,Espírito Santo,feijao,2020,temporaria,9926,9926,9421,949.0,40363,0.00310371569555715
GO,52,Goiás,feijao,2020,temporaria,137681,134379,353457,2630.0,1201081,0.11644517976908435
MA,21,Maranhão,feijao,2020,temporaria,48500,48500,27260,562.0,65998,0.008980712223849689
MG,31,Minas Gerais,feijao,2020,temporaria,324062,314730,553065,1757.0,2146868,0.1822053413823708
MS,50,Mato Grosso do Sul,feijao,2020,temporaria,23418,23413,34262,1463.0,120560,0.011287496779660235
MT,51,Mato Grosso,feijao,2020,temporaria,215761,215761,335345,1554.0,1173028,0.110478244339944
PA,15,Pará,feijao,2020,temporaria,26199,26179,19891,760.0,56919,0.006553020794005654
PB,25,Paraíba,feijao,2020,temporaria,93063,92963,36103,388.0,108673,0.011894007828967178
PE,26,Pernambuco,feijao,2020,temporaria,190604,162791,64684,397.0,259874,0.021309918910032765
PI,22,Piauí,feijao,2020,temporaria,202547,199697,82984,416.0,279489,0.02733879028554448
PR,41,Paraná,feijao,2020,temporaria,382677,382631,624801,1633.0,2150185,0.2058385171743767
RJ,33,Rio de Janeiro,feijao,2020,temporaria,1541,1541,2036,1321.0,6539,0.0006707531213410846
RN,24,Rio Grande do Norte,feijao,2020,temporaria,53318,51247,23996,468.0,82518,0.00790539877195514
RO,11,Rondônia,feijao,2020,temporaria,16547,16545,15660,947.0,52170,0.005159132554126417
RR,14,Roraima,feijao,2020,temporaria,915,915,1072,1172.0,3122,0.0003531666729261506
RS,43,Rio Grande do Sul,feijao,2020,temporaria,60272,59231,80248,1355.0,211678,0.02643742459792699
SC,42,Santa Catarina,feijao,2020,temporaria,56991,56769,98608,1737.0,277604,0.032486062764833824
SE,28,Sergipe,feijao,2020,temporaria,5810,5310,3776,711.0,9959,0.0012439900717995753
SP,35,São Paulo,feijao,2020,temporaria,90144,90124,255490,2835.0,1048256,0.08417029222565506
TO,17,Tocantins,feijao,2020,temporaria,38075,38075,32379,850.0,102980,0.010667148976376708
AC,12,Acre,feijao,2021,temporaria,5115,5115,2855,558.0,12330,0.0009842095556233529
AL,27,Alagoas,feijao,2021,temporaria,34683,19074,13403,703.0,53850,0.004620441567082241
AM,13,Amazonas,feijao,2021,temporaria,1174,1163,1169,1005.0,2935,0.00040299158337082295
AP,16,Amapá,feijao,2021,temporaria,4169,4160,3820,918.0,5239,0.00131687583274298
BA,29,Bahia,feijao,2021,temporaria,340963,326544,164055,502.0,686879,0.056554990769803554
CE,23,Ceará,feijao,2021,temporaria,376120,376120,110981,295.0,539775,0.03825869026011745
DF,53,Distrito Federal,feijao,2021,temporaria,9600,9600,27240,2838.0,121570,0.009390496775894966
ES,32,Espírito Santo,feijao,2021,temporaria,9804,9804,9920,1012.0,52836,0.0034197403824110894
GO,52,Goiás,feijao,2021,temporaria,139194,139194,341189,2451.0,1432399,0.11761872997323157
MA,21,Maranhão,feijao,2021,temporaria,47089,47071,26707,567.0,80805,0.009206754676719048
MG,31,Minas Gerais,feijao,2021,temporaria,311020,306420,536826,1752.0,2437798,0.18506104340002172
MS,50,Mato Grosso do Sul,feijao,2021,temporaria,20006,9670,12057,1247.0,50566,0.004156432438581704
MT,51,Mato Grosso,feijao,2021,temporaria,241336,241336,355501,1473.0,1155381,0.1225525328314037
PA,15,Pará,feijao,2021,temporaria,27016,27006,20759,769.0,72157,0.007156289374845948
PB,25,Paraíba,feijao,2021,temporaria,74946,62810,21366,340.0,75445,0.007365541634132594
PE,26,Pernambuco,feijao,2021,temporaria,187385,134128,71153,530.0,315003,0.024528708410251638
PI,22,Piauí,feijao,2021,temporaria,191321,183506,53280,290.0,216557,0.018367315279724076
PR,41,Paraná,feijao,2021,temporaria,429534,409879,631397,1540.0,2648646,0.21766268328963856
RJ,33,Rio de Janeiro,feijao,2021,temporaria,1056,1026,1144,1115.0,5238,0.00039437328603611753
RN,24,Rio Grande do Norte,feijao,2021,temporaria,39867,26984,10396,385.0,41644,0.0035838327636638794
RO,11,Rondônia,feijao,2021,temporaria,13256,13256,11968,903.0,46955,0.004125751300070153
RR,14,Roraima,feijao,2021,temporaria,850,850,1514,1781.0,5494,0.000521924086589757
RS,43,Rio Grande do Sul,feijao,2021,temporaria,61031,60479,89744,1484.0,389372,0.030937619040231935
SC,42,Santa Catarina,feijao,2021,temporaria,59516,59480,98334,1653.0,389976,0.0338988660044367
SE,28,Sergipe,feijao,2021,temporaria,4220,3575,1828,511.0,5730,0.0006301699011136564
SP,35,São Paulo,feijao,2021,temporaria,82840,82723,229660,2776.0,1005119,0.07917112663553738
TO,17,Tocantins,feijao,2021,temporaria,53165,52665,52539,998.0,202158,0.01811186894672341
AC,12,Acre,feijao,2022,temporaria,5235,5225,2930,561.0,15168,0.0010200266390574815
AL,27,Alagoas,feijao,2022,temporaria,35828,11849,7641,645.0,28402,0.002660076296600074
AM,13,Amazonas,feijao,2022,temporaria,989,982,893,909.0,2831,0.0003108818391393621
AP,16,Amapá,feijao,2022,temporaria,1207,1200,1100,917.0,1652,0.0003829451545949589
BA,29,Bahia,feijao,2022,temporaria,343750,333446,176665,530.0,697915,0.061502732487744016
CE,23,Ceará,feijao,2022,temporaria,371633,371633,101980,274.0,476920,0.035502497150539915
DF,53,Distrito Federal,feijao,2022,temporaria,13100,13100,35700,2725.0,188230,0.01242831092640003
ES,32,Espírito Santo,feijao,2022,temporaria,9486,9486,9909,1045.0,54628,0.0034496395789831344
GO,52,Goiás,feijao,2022,temporaria,127597,127527,342170,2683.0,1555961,0.11912031231614281
MA,21,Maranhão,feijao,2022,temporaria,47779,47744,27470,575.0,99316,0.009563184906112292
MG,31,Minas Gerais,feijao,2022,temporaria,292344,287949,475364,1651.0,2529122,0.16548940042625276
MS,50,Mato Grosso do Sul,feijao,2022,temporaria,10718,10670,18183,1704.0,82669,0.006330083405454671
MT,51,Mato Grosso,feijao,2022,temporaria,177522,177522,272056,1533.0,839042,0.09471138816226013
PA,15,Pará,feijao,2022,temporaria,27360,27360,20922,765.0,79845,0.007283616840396119
PB,25,Paraíba,feijao,2022,temporaria,84642,78011,26749,343.0,115204,0.009312181763873233
PE,26,Pernambuco,feijao,2022,temporaria,186547,148581,44160,297.0,207548,0.015373507297193986
PI,22,Piauí,feijao,2022,temporaria,193008,191108,65334,342.0,267971,0.022744853391188223
PR,41,Paraná,feijao,2022,temporaria,475292,474724,733352,1545.0,2949256,0.2553032681932021
RJ,33,Rio de Janeiro,feijao,2022,temporaria,930,930,1451,1560.0,6673,0.000505139472106623
RN,24,Rio Grande do Norte,feijao,2022,temporaria,46497,40415,16015,396.0,79185,0.005575333318943879
RO,11,Rondônia,feijao,2022,temporaria,3137,3137,2787,888.0,14411,0.0009702437689601367
RR,14,Roraima,feijao,2022,temporaria,965,965,1713,1775.0,6477,0.0005963500452919678
RS,43,Rio Grande do Sul,feijao,2022,temporaria,62351,61812,85322,1380.0,330175,0.02970331498213735
SC,42,Santa Catarina,feijao,2022,temporaria,67802,67606,108105,1599.0,438872,0.037634805397716395
SE,28,Sergipe,feijao,2022,temporaria,3630,3409,2192,643.0,7725,0.0007631052535201363
SP,35,São Paulo,feijao,2022,temporaria,84109,84079,234837,2793.0,1138287,0.08175426479056033
TO,17,Tocantins,feijao,2022,temporaria,60052,54571,57474,1053.0,162380,0.02000853619562788
AC,12,Acre,feijao,2023,temporaria,5144,5144,2896,563.0,15788,0.000998875230619113
AL,27,Alagoas,feijao,2023,temporaria,29898,16698,13624,816.0,53114,0.004699128502056214
AM,13,Amazonas,feijao,2023,temporaria,905,842,948,1126.0,4158,0.00032697987521647755
AP,16,Amapá,feijao,2023,temporaria,1128,1067,963,903.0,1465,0.00033215360741926996
BA,29,Bahia,feijao,2023,temporaria,346569,325947,174546,536.0,644167,0.0602036174045731
CE,23,Ceará,feijao,2023,temporaria,354306,353767,68044,192.0,403097,0.02346942893378692
DF,53,Distrito Federal,feijao,2023,temporaria,15100,15100,44247,2930.0,199112,0.015261475251796924
ES,32,Espírito Santo,feijao,2023,temporaria,9609,9609,10482,1091.0,57203,0.003615404063311306
GO,52,Goiás,feijao,2023,temporaria,127857,127855,356020,2785.0,1405258,0.1227968092558759
MA,21,Maranhão,feijao,2023,temporaria,45607,45607,26474,580.0,91583,0.009131292422448341
MG,31,Minas Gerais,feijao,2023,temporaria,304983,304923,578804,1898.0,2461855,0.19963845959366888
MS,50,Mato Grosso do Sul,feijao,2023,temporaria,11405,11343,17856,1574.0,71207,0.006158810814204033
MT,51,Mato Grosso,feijao,2023,temporaria,159680,159680,294014,1841.0,914084,0.101409979991453
PA,15,Pará,feijao,2023,temporaria,26749,26743,20479,766.0,91841,0.007063524118732325
PB,25,Paraíba,feijao,2023,temporaria,82121,70428,16544,235.0,70126,0.0057062817041997945
PE,26,Pernambuco,feijao,2023,temporaria,179315,119581,48142,403.0,238998,0.01660492104712201
PI,22,Piauí,feijao,2023,temporaria,189050,176042,44517,253.0,200789,0.015354602431447185
PR,41,Paraná,feijao,2023,temporaria,422494,417274,686477,1645.0,2700876,0.23677654409175303
RJ,33,Rio de Janeiro,feijao,2023,temporaria,916,916,1871,2043.0,8750,0.0006453368634283012
RN,24,Rio Grande do Norte,feijao,2023,temporaria,45425,34652,10894,314.0,66306,0.003757509241148003
RO,11,Rondônia,feijao,2023,temporaria,2987,2856,2445,856.0,13377,0.0008433183490551558
RR,14,Roraima,feijao,2023,temporaria,955,955,1453,1521.0,5864,0.0005011621927104873
RS,43,Rio Grande do Sul,feijao,2023,temporaria,47707,47577,70643,1485.0,306557,0.024365864266790743
SC,42,Santa Catarina,feijao,2023,temporaria,58149,57800,109530,1895.0,430962,0.03777859254478986
SE,28,Sergipe,feijao,2023,temporaria,3130,3059,1738,568.0,7636,0.0005994631045635422
SP,35,São Paulo,feijao,2023,temporaria,77483,76656,218240,2847.0,991970,0.07527435439582708
TO,17,Tocantins,feijao,2023,temporaria,53036,53029,77370,1459.0,256221,0.026686110702003028
AC,12,Acre,feijao,2024,temporaria,5139,5139,2556,497.0,13900,0.0008467897029577013
AL,27,Alagoas,feijao,2024,temporaria,29198,18027,11712,650.0,47057,0.0038801255872615795
AM,13,Amazonas,feijao,2024,temporaria,856,785,783,997.0,3624,0.0002594038878778874
AP,16,Amapá,feijao,2024,temporaria,800,791,745,942.0,1118,0.00024681468259134877
BA,29,Bahia,feijao,2024,temporaria,314388,296188,162794,550.0,549671,0.05393281803728326
CE,23,Ceará,feijao,2024,temporaria,346595,346245,80778,233.0,443319,0.026761337490421436
DF,53,Distrito Federal,feijao,2024,temporaria,18100,18100,52336,2891.0,215647,0.01733864862832326
ES,32,Espírito Santo,feijao,2024,temporaria,9023,9023,9859,1093.0,59839,0.003266236182104842
GO,52,Goiás,feijao,2024,temporaria,145546,145416,365818,2516.0,1400598,0.12119362893449936
MA,21,Maranhão,feijao,2024,temporaria,45917,45917,26970,587.0,110113,0.008935022804682786
MG,31,Minas Gerais,feijao,2024,temporaria,307895,299586,531031,1773.0,2477885,0.17592784927673358
MS,50,Mato Grosso do Sul,feijao,2024,temporaria,16374,14813,12633,853.0,42854,0.0041852481680221595
MT,51,Mato Grosso,feijao,2024,temporaria,171899,171599,285301,1663.0,889967,0.09451875940670389
PA,15,Pará,feijao,2024,temporaria,21374,21320,15601,732.0,70569,0.005168531359876016
PB,25,Paraíba,feijao,2024,temporaria,88283,78451,19119,244.0,88506,0.006334026733508721
PE,26,Pernambuco,feijao,2024,temporaria,174802,148520,59045,398.0,277982,0.019561305951149244
PI,22,Piauí,feijao,2024,temporaria,181507,175063,52864,302.0,252076,0.017513572322830954
PR,41,Paraná,feijao,2024,temporaria,544232,540825,860843,1592.0,3176076,0.28519287490736167
RJ,33,Rio de Janeiro,feijao,2024,temporaria,895,895,1391,1554.0,7003,0.00046083117246250487
RN,24,Rio Grande do Norte,feijao,2024,temporaria,52380,34952,13701,392.0,86681,0.004539071095549086
RO,11,Rondônia,feijao,2024,temporaria,2802,1872,1356,724.0,7089,0.0004492358518038509
RR,14,Roraima,feijao,2024,temporaria,2345,2345,3988,1701.0,18699,0.0013212039653346293
RS,43,Rio Grande do Sul,feijao,2024,temporaria,50030,49187,65366,1329.0,288059,0.02165542086210215
SC,42,Santa Catarina,feijao,2024,temporaria,65097,63748,105443,1654.0,395742,0.03493272560601287
SE,28,Sergipe,feijao,2024,temporaria,2693,2628,1575,599.0,6663,0.0005217894296394286
SP,35,São Paulo,feijao,2024,temporaria,71182,70377,199126,2829.0,991654,0.065969423470718
TO,17,Tocantins,feijao,2024,temporaria,70005,69993,75725,1082.0,249740,0.025087304482187767
AC,12,Acre,mandioca,2014,temporaria,43845,42895,1239731,28902.0,450029,0.053313705618858294
AL,27,Alagoas,mandioca,2014,temporaria,20445,20435,250256,12246.0,85150,0.010762072347431016
AM,13,Amazonas,mandioca,2014,temporaria,80562,74804,846884,11321.0,666228,0.03641961382696826
AP,16,Amapá,mandioca,2014,temporaria,14500,14500,159650,11010.0,88602,0.006865628996976543
BA,29,Bahia,mandioca,2014,temporaria,204058,193750,2131473,11001.0,727734,0.09166240422845338
CE,23,Ceará,mandioca,2014,temporaria,60747,60747,478453,7876.0,190888,0.020575513877171426
DF,53,Distrito Federal,mandioca,2014,temporaria,1124,1124,16880,15018.0,12052,0.0007259117912243286
ES,32,Espírito Santo,mandioca,2014,temporaria,9723,9723,163099,16775.0,35098,0.007013950665692935
GO,52,Goiás,mandioca,2014,temporaria,12506,12456,206311,16563.0,80419,0.00887225044782479
MA,21,Maranhão,mandioca,2014,temporaria,188080,188080,1619342,8610.0,560042,0.06963859311758214
MG,31,Minas Gerais,mandioca,2014,temporaria,60334,59641,851539,14278.0,427510,0.0366197986248444
MS,50,Mato Grosso do Sul,mandioca,2014,temporaria,39730,39730,873059,21975.0,236170,0.03754525015014935
MT,51,Mato Grosso,mandioca,2014,temporaria,22566,22566,337456,14954.0,327194,0.014512043212049585
PA,15,Pará,mandioca,2014,temporaria,344323,344323,4914831,14274.0,1676500,0.21135863594637783
PB,25,Paraíba,mandioca,2014,temporaria,15366,15366,135114,8793.0,62200,0.00581047664451919
PE,26,Pernambuco,mandioca,2014,temporaria,36511,34061,302361,8877.0,135756,0.013002808951799715
PI,22,Piauí,mandioca,2014,temporaria,28808,28793,174931,6075.0,44419,0.00752277698759852
PR,41,Paraná,mandioca,2014,temporaria,157211,157187,3958798,25185.0,1178861,0.1702451509049342
RJ,33,Rio de Janeiro,mandioca,2014,temporaria,13643,13643,193409,14176.0,131942,0.008317409575172165
RN,24,Rio Grande do Norte,mandioca,2014,temporaria,15791,15286,160286,10486.0,40351,0.006892979701906559
RO,11,Rondônia,mandioca,2014,temporaria,25537,24796,531829,21448.0,402071,0.022870908887147122
RR,14,Roraima,mandioca,2014,temporaria,8763,8570,129850,15152.0,92501,0.005584102256544968
RS,43,Rio Grande do Sul,mandioca,2014,temporaria,70485,68674,1181422,17203.0,1122295,0.050806170628662835
SC,42,Santa Catarina,mandioca,2014,temporaria,23397,23397,443462,18954.0,191407,0.019070752059237153
SE,28,Sergipe,mandioca,2014,temporaria,27502,26956,415910,15429.0,133688,0.017885898879627396
SP,35,São Paulo,mandioca,2014,temporaria,55303,54703,1316946,24074.0,414283,0.05663427901692621
TO,17,Tocantins,mandioca,2014,temporaria,12047,12047,220232,18281.0,42343,0.009470912654319687
AC,12,Acre,mandioca,2015,temporaria,41697,38294,1122578,29315.0,331840,0.048681370758271655
AL,27,Alagoas,mandioca,2015,temporaria,23079,22570,293129,12988.0,99377,0.01271174165982356
AM,13,Amazonas,mandioca,2015,temporaria,72431,70022,801299,11444.0,696080,0.034748884894619636
AP,16,Amapá,mandioca,2015,temporaria,12825,12500,156875,12550.0,93149,0.0068029927877651854
BA,29,Bahia,mandioca,2015,temporaria,195043,189790,2098575,11057.0,702931,0.09100615515272877
CE,23,Ceará,mandioca,2015,temporaria,58511,58506,358857,6134.0,137495,0.015562081802958096
DF,53,Distrito Federal,mandioca,2015,temporaria,936,936,14096,15060.0,14432,0.0006112827814268562
ES,32,Espírito Santo,mandioca,2015,temporaria,8690,8690,140952,16220.0,40058,0.006112480888739942
GO,52,Goiás,mandioca,2015,temporaria,12721,12721,207751,16331.0,89680,0.00900926568701836
MA,21,Maranhão,mandioca,2015,temporaria,173798,173798,1481907,8527.0,464910,0.06426392116741828
MG,31,Minas Gerais,mandioca,2015,temporaria,59459,59390,851546,14338.0,347555,0.036927880774185136
MS,50,Mato Grosso do Sul,mandioca,2015,temporaria,48025,44241,1004216,22699.0,191846,0.043548520830969904
MT,51,Mato Grosso,mandioca,2015,temporaria,20489,19555,292059,14935.0,286628,0.012665340370370756
PA,15,Pará,mandioca,2015,temporaria,309164,308964,4695735,15198.0,1221060,0.20363379339127682
PB,25,Paraíba,mandioca,2015,temporaria,15221,15187,131073,8631.0,62612,0.00568407122658643
PE,26,Pernambuco,mandioca,2015,temporaria,48132,43914,388343,8843.0,124888,0.016840762570065948
PI,22,Piauí,mandioca,2015,temporaria,38839,38657,265687,6873.0,60026,0.011521700365277889
PR,41,Paraná,mandioca,2015,temporaria,159556,159406,4312946,27056.0,826180,0.1870338838694547
RJ,33,Rio de Janeiro,mandioca,2015,temporaria,11132,11132,154045,13838.0,152820,0.006680267882016178
RN,24,Rio Grande do Norte,mandioca,2015,temporaria,14944,14542,146091,10046.0,38459,0.006335337175186638
RO,11,Rondônia,mandioca,2015,temporaria,26024,26024,573960,22055.0,411146,0.02489017205077741
RR,14,Roraima,mandioca,2015,temporaria,7851,7851,176754,22514.0,150440,0.007665059360692574
RS,43,Rio Grande do Sul,mandioca,2015,temporaria,66154,65597,1155247,17611.0,1093718,0.050098084520078835
SC,42,Santa Catarina,mandioca,2015,temporaria,22178,22048,423706,19217.0,142258,0.018374303503635607
SE,28,Sergipe,mandioca,2015,temporaria,25305,24463,380182,15541.0,140841,0.016486855165183386
SP,35,São Paulo,mandioca,2015,temporaria,50110,50015,1171901,23431.0,264725,0.05082029673928165
TO,17,Tocantins,mandioca,2015,temporaria,13847,13847,260194,18791.0,48938,0.011283492624189798
AC,12,Acre,mandioca,2016,temporaria,39832,39621,1125439,28405.0,330255,0.05349981940752548
AL,27,Alagoas,mandioca,2016,temporaria,25422,25342,292874,11557.0,140049,0.013922305970523163
AM,13,Amazonas,mandioca,2016,temporaria,79591,78234,924899,11822.0,840182,0.04396678049205768
AP,16,Amapá,mandioca,2016,temporaria,12016,11820,148650,12576.0,86268,0.007066352023458102
BA,29,Bahia,mandioca,2016,temporaria,182693,174103,1956103,11235.0,763283,0.0929869653020011
CE,23,Ceará,mandioca,2016,temporaria,58926,58916,387831,6583.0,162186,0.01843626217026424
DF,53,Distrito Federal,mandioca,2016,temporaria,1128,1128,18040,15993.0,20457,0.0008575646855242796
ES,32,Espírito Santo,mandioca,2016,temporaria,8242,8214,122390,14900.0,51501,0.005818034471248147
GO,52,Goiás,mandioca,2016,temporaria,13118,13078,212687,16263.0,94305,0.010110468972843817
MA,21,Maranhão,mandioca,2016,temporaria,130908,130075,1073966,8257.0,406890,0.05105295537992065
MG,31,Minas Gerais,mandioca,2016,temporaria,58151,58128,844308,14525.0,379619,0.04013573860895973
MS,50,Mato Grosso do Sul,mandioca,2016,temporaria,34719,34159,739241,21641.0,295008,0.035141184905302325
MT,51,Mato Grosso,mandioca,2016,temporaria,19799,19448,285619,14686.0,352912,0.013577426159354724
PA,15,Pará,mandioca,2016,temporaria,291872,291740,4263013,14612.0,1933296,0.20265018862144765
PB,25,Paraíba,mandioca,2016,temporaria,15619,15580,146889,9428.0,79228,0.006982639639244784
PE,26,Pernambuco,mandioca,2016,temporaria,43462,26478,140536,5308.0,85778,0.006680638062352559
PI,22,Piauí,mandioca,2016,temporaria,37518,37190,202238,5438.0,70341,0.009613756478440092
PR,41,Paraná,mandioca,2016,temporaria,148598,147478,3888111,26364.0,1355810,0.18482853032142418
RJ,33,Rio de Janeiro,mandioca,2016,temporaria,11065,11065,156531,14146.0,167769,0.007440989899656375
RN,24,Rio Grande do Norte,mandioca,2016,temporaria,10465,10307,96544,9367.0,45275,0.004589397172907763
RO,11,Rondônia,mandioca,2016,temporaria,29095,29095,664928,22854.0,563104,0.03160857933571442
RR,14,Roraima,mandioca,2016,temporaria,7201,7035,151486,21533.0,137012,0.00720116651614917
RS,43,Rio Grande do Sul,mandioca,2016,temporaria,64026,62644,1093135,17450.0,1177919,0.051964189163557835
SC,42,Santa Catarina,mandioca,2016,temporaria,20716,20713,385875,18630.0,154159,0.018343280101257284
SE,28,Sergipe,mandioca,2016,temporaria,20845,20445,295515,14454.0,183545,0.014047850778420592
SP,35,São Paulo,mandioca,2016,temporaria,49133,49133,1158884,23587.0,464420,0.055089689191747185
TO,17,Tocantins,mandioca,2016,temporaria,15035,15035,260582,17332.0,57389,0.012387246168696664
AC,12,Acre,mandioca,2017,temporaria,35402,35402,897895,25363.0,289937,0.048530549580861594
AL,27,Alagoas,mandioca,2017,temporaria,34594,34257,386572,11284.0,280525,0.02089392591847914
AM,13,Amazonas,mandioca,2017,temporaria,84968,84319,964525,11439.0,929663,0.05213185097865622
AP,16,Amapá,mandioca,2017,temporaria,12954,12860,166580,12953.0,99373,0.009003523740726839
BA,29,Bahia,mandioca,2017,temporaria,112399,104382,717254,6871.0,536099,0.038767039363256615
CE,23,Ceará,mandioca,2017,temporaria,56339,56332,476237,8454.0,215080,0.025740251745182657
DF,53,Distrito Federal,mandioca,2017,temporaria,1059,1059,17400,16431.0,14790,0.0009404569161282686
ES,32,Espírito Santo,mandioca,2017,temporaria,7751,7751,120345,15526.0,70455,0.006504556756980258
GO,52,Goiás,mandioca,2017,temporaria,13292,13272,201078,15151.0,109158,0.010868114700071265
MA,21,Maranhão,mandioca,2017,temporaria,101388,101385,856770,8451.0,303714,0.04630777425466762
MG,31,Minas Gerais,mandioca,2017,temporaria,35594,35455,497888,14043.0,393831,0.026910472014785712
MS,50,Mato Grosso do Sul,mandioca,2017,temporaria,31805,31805,690752,21718.0,395804,0.03733462619134677
MT,51,Mato Grosso,mandioca,2017,temporaria,19103,19093,277007,14508.0,264889,0.014972020055513983
PA,15,Pará,mandioca,2017,temporaria,294337,294337,4234797,14388.0,1845760,0.2288875935085772
PB,25,Paraíba,mandioca,2017,temporaria,15480,15405,146168,9488.0,94911,0.007900270489461883
PE,26,Pernambuco,mandioca,2017,temporaria,25501,24146,204498,8469.0,116056,0.011052963128413716
PI,22,Piauí,mandioca,2017,temporaria,37121,37073,262648,7085.0,91132,0.014195926902715948
PR,41,Paraná,mandioca,2017,temporaria,139336,139172,3295673,23681.0,1800193,0.1781286474797241
RJ,33,Rio de Janeiro,mandioca,2017,temporaria,11742,11739,142292,12121.0,129773,0.007690775604007103
RN,24,Rio Grande do Norte,mandioca,2017,temporaria,13436,13094,140228,10709.0,67299,0.007579217956024991
RO,11,Rondônia,mandioca,2017,temporaria,29163,29163,658268,22572.0,610201,0.03557889041758179
RR,14,Roraima,mandioca,2017,temporaria,5632,5567,122987,22092.0,136723,0.006647354870337205
RS,43,Rio Grande do Sul,mandioca,2017,temporaria,60001,60001,1066790,17780.0,1134305,0.057659197330831934
SC,42,Santa Catarina,mandioca,2017,temporaria,21459,21357,410120,19203.0,260400,0.022166677611639398
SE,28,Sergipe,mandioca,2017,temporaria,18917,18721,248798,13290.0,137617,0.013447344817177067
SP,35,São Paulo,mandioca,2017,temporaria,46082,46073,1068859,23199.0,595786,0.05777102522505431
TO,17,Tocantins,mandioca,2017,temporaria,13254,13251,229216,17298.0,78625,0.012388952441796391
AC,12,Acre,mandioca,2018,temporaria,28530,28340,667700,23560.0,256764,0.03734932662414053
AL,27,Alagoas,mandioca,2018,temporaria,33198,33058,378203,11441.0,166454,0.021155649808641337
AM,13,Amazonas,mandioca,2018,temporaria,78088,77215,889002,11513.0,844685,0.049728360143049544
AP,16,Amapá,mandioca,2018,temporaria,10145,9862,105648,10713.0,63887,0.005909662511887372
BA,29,Bahia,mandioca,2018,temporaria,92271,90995,610635,6711.0,439884,0.03415726533343126
CE,23,Ceará,mandioca,2018,temporaria,62581,62581,622236,9943.0,220919,0.03480619380155565
DF,53,Distrito Federal,mandioca,2018,temporaria,1250,1250,20550,16440.0,14796,0.0011495112507504685
ES,32,Espírito Santo,mandioca,2018,temporaria,7166,7166,115924,16177.0,40464,0.006484474074549748
GO,52,Goiás,mandioca,2018,temporaria,12706,12690,201561,15883.0,108444,0.011274775533455728
MA,21,Maranhão,mandioca,2018,temporaria,81013,81013,677099,8358.0,243595,0.037875081185980125
MG,31,Minas Gerais,mandioca,2018,temporaria,36504,36497,492035,13482.0,329413,0.027523103078491817
MS,50,Mato Grosso do Sul,mandioca,2018,temporaria,33295,33095,721910,21813.0,353211,0.04038168696006184
MT,51,Mato Grosso,mandioca,2018,temporaria,20218,20218,287753,14233.0,256286,0.016096122186725043
PA,15,Pará,mandioca,2018,temporaria,265578,261308,3836215,14681.0,1647494,0.21458745999015616
PB,25,Paraíba,mandioca,2018,temporaria,14901,14891,139069,9339.0,82034,0.00777914258543148
PE,26,Pernambuco,mandioca,2018,temporaria,50441,41466,372360,8980.0,158139,0.020828808239875644
PI,22,Piauí,mandioca,2018,temporaria,34887,34887,331546,9503.0,109720,0.018545783802497075
PR,41,Paraná,mandioca,2018,temporaria,154586,154511,3469812,22457.0,1803662,0.1940918701697803
RJ,33,Rio de Janeiro,mandioca,2018,temporaria,11313,11264,134523,11943.0,125586,0.007524851678087849
RN,24,Rio Grande do Norte,mandioca,2018,temporaria,22241,22151,232569,10499.0,76355,0.01300927893312826
RO,11,Rondônia,mandioca,2018,temporaria,24808,24808,583319,23513.0,589366,0.032629282397883826
RR,14,Roraima,mandioca,2018,temporaria,6270,6230,79510,12762.0,50187,0.004447573700592202
RS,43,Rio Grande do Sul,mandioca,2018,temporaria,55205,55205,959212,17375.0,950199,0.05365571707322912
SC,42,Santa Catarina,mandioca,2018,temporaria,18225,18225,354689,19462.0,248578,0.019840340438804525
SE,28,Sergipe,mandioca,2018,temporaria,12123,12050,153334,12725.0,65034,0.008577087986499872
SP,35,São Paulo,mandioca,2018,temporaria,49707,49638,1178322,23738.0,612697,0.06591213605872476
TO,17,Tocantins,mandioca,2018,temporaria,15374,15374,262427,17070.0,96201,0.014679454452588479
AC,12,Acre,mandioca,2019,temporaria,26650,26650,628422,23581.0,221342,0.03571962463194557
AL,27,Alagoas,mandioca,2019,temporaria,37044,36084,384152,10646.0,99990,0.021835271905839
AM,13,Amazonas,mandioca,2019,temporaria,80203,76893,876452,11398.0,949229,0.04981769646498366
AP,16,Amapá,mandioca,2019,temporaria,10125,10125,108530,10719.0,64640,0.006168865605126894
BA,29,Bahia,mandioca,2019,temporaria,94425,92788,648444,6988.0,418393,0.03685767887635588
CE,23,Ceará,mandioca,2019,temporaria,61653,60642,642188,10590.0,193041,0.03650208666014217
DF,53,Distrito Federal,mandioca,2019,temporaria,1250,1250,20550,16440.0,25688,0.0011680658636815412
ES,32,Espírito Santo,mandioca,2019,temporaria,7270,7270,118470,16296.0,41639,0.006733857073983075
GO,52,Goiás,mandioca,2019,temporaria,12339,12044,184776,15342.0,111666,0.010502702580419488
MA,21,Maranhão,mandioca,2019,temporaria,61241,60724,464148,7644.0,164536,0.02638225958618297
MG,31,Minas Gerais,mandioca,2019,temporaria,38103,37378,525053,14047.0,258467,0.029844111237157387
MS,50,Mato Grosso do Sul,mandioca,2019,temporaria,37360,37355,807343,21613.0,325355,0.045889527911544846
MT,51,Mato Grosso,mandioca,2019,temporaria,19887,19887,287237,14443.0,295094,0.016326605084491234
PA,15,Pará,mandioca,2019,temporaria,272905,262021,3711214,14164.0,1518521,0.21094610151907675
PB,25,Paraíba,mandioca,2019,temporaria,15387,15310,143990,9405.0,80262,0.008184418672092707
PE,26,Pernambuco,mandioca,2019,temporaria,46678,43583,400096,9180.0,142672,0.022741531863529438
PI,22,Piauí,mandioca,2019,temporaria,37822,37822,365109,9653.0,96092,0.020752864205494104
PR,41,Paraná,mandioca,2019,temporaria,142854,142690,3270654,22921.0,1351121,0.18590458828776096
RJ,33,Rio de Janeiro,mandioca,2019,temporaria,14314,14298,216496,15142.0,149615,0.012305673344214061
RN,24,Rio Grande do Norte,mandioca,2019,temporaria,20149,20051,219150,10930.0,54450,0.012456527203202422
RO,11,Rondônia,mandioca,2019,temporaria,22286,22286,521258,23389.0,415020,0.029628402723645392
RR,14,Roraima,mandioca,2019,temporaria,6342,6342,82792,13055.0,62826,0.004705912846030276
RS,43,Rio Grande do Sul,mandioca,2019,temporaria,49473,49461,886955,17932.0,899858,0.050414688959691555
SC,42,Santa Catarina,mandioca,2019,temporaria,16927,16927,348412,20583.0,200483,0.01980380358622935
SE,28,Sergipe,mandioca,2019,temporaria,11786,11557,147465,12760.0,56632,0.008381938325440316
SP,35,São Paulo,mandioca,2019,temporaria,59171,59088,1358067,22984.0,577127,0.07719278361520193
TO,17,Tocantins,mandioca,2019,temporaria,14396,14376,225763,15704.0,80599,0.012832411366537021
AC,12,Acre,mandioca,2020,temporaria,24720,24720,575102,23265.0,208076,0.031603227067874766
AL,27,Alagoas,mandioca,2020,temporaria,38053,38025,481553,12664.0,288527,0.026462486314108278
AM,13,Amazonas,mandioca,2020,temporaria,79742,76774,890124,11594.0,900348,0.048914437596400226
AP,16,Amapá,mandioca,2020,temporaria,10537,10472,112244,10718.0,59241,0.0061680756092076456
BA,29,Bahia,mandioca,2020,temporaria,100097,94864,709131,7475.0,399603,0.03896844040512657
CE,23,Ceará,mandioca,2020,temporaria,58599,58599,641142,10941.0,245514,0.03523228263638688
DF,53,Distrito Federal,mandioca,2020,temporaria,1250,1250,20550,16440.0,25688,0.0011292715313889127
ES,32,Espírito Santo,mandioca,2020,temporaria,7427,7427,127529,17171.0,72151,0.007008022828539983
GO,52,Goiás,mandioca,2020,temporaria,11949,11667,182132,15611.0,153513,0.01000858795887715
MA,21,Maranhão,mandioca,2020,temporaria,56414,56414,434344,7699.0,158990,0.023868239125527296
MG,31,Minas Gerais,mandioca,2020,temporaria,37212,36310,518141,14270.0,249249,0.028473084211454145
MS,50,Mato Grosso do Sul,mandioca,2020,temporaria,39935,39915,906533,22712.0,435780,0.049816151297546726
MT,51,Mato Grosso,mandioca,2020,temporaria,17826,17816,270376,15176.0,247902,0.014857806305148841
PA,15,Pará,mandioca,2020,temporaria,275730,270288,3813369,14109.0,2178350,0.20955372507936773
PB,25,Paraíba,mandioca,2020,temporaria,14843,14838,141910,9564.0,88449,0.0077982930909684
PE,26,Pernambuco,mandioca,2020,temporaria,50179,47166,434860,9220.0,216152,0.023896594556680417
PI,22,Piauí,mandioca,2020,temporaria,40448,40448,444433,10988.0,130758,0.024422653747434
PR,41,Paraná,mandioca,2020,temporaria,147080,146983,3474980,23642.0,1508256,0.19095844214821625
RJ,33,Rio de Janeiro,mandioca,2020,temporaria,14767,14767,220141,14908.0,176543,0.012097273196666017
RN,24,Rio Grande do Norte,mandioca,2020,temporaria,22409,20391,211288,10362.0,112192,0.011610779723800516
RO,11,Rondônia,mandioca,2020,temporaria,22428,22428,503922,22468.0,604146,0.027691716235550546
RR,14,Roraima,mandioca,2020,temporaria,6595,6595,85520,12967.0,67049,0.004699528046928458
RS,43,Rio Grande do Sul,mandioca,2020,temporaria,47864,47832,788415,16483.0,881806,0.0433252853732355
SC,42,Santa Catarina,mandioca,2020,temporaria,16783,16783,336523,20051.0,253524,0.018492741778958204
SE,28,Sergipe,mandioca,2020,temporaria,11046,11026,136438,12374.0,59377,0.007497593635019001
SP,35,São Paulo,mandioca,2020,temporaria,65264,65192,1501957,23039.0,898628,0.08253612075281251
TO,17,Tocantins,mandioca,2020,temporaria,15160,14849,234915,15820.0,276934,0.01290913974677501
AC,12,Acre,mandioca,2021,temporaria,23000,23000,532059,23133.0,214365,0.029200869606451053
AL,27,Alagoas,mandioca,2021,temporaria,40664,40220,508171,12635.0,474321,0.027889830091737643
AM,13,Amazonas,mandioca,2021,temporaria,73523,71765,827060,11525.0,828640,0.04539134046545854
AP,16,Amapá,mandioca,2021,temporaria,10571,10520,113506,10790.0,62248,0.006229523239997506
BA,29,Bahia,mandioca,2021,temporaria,98695,96996,766772,7905.0,521820,0.042082568267575
CE,23,Ceará,mandioca,2021,temporaria,57141,57141,560249,9805.0,294889,0.030748014780587484
DF,53,Distrito Federal,mandioca,2021,temporaria,1250,1250,20550,16440.0,41614,0.001127840841734787
ES,32,Espírito Santo,mandioca,2021,temporaria,7464,7464,126760,16983.0,93710,0.006956939420841928
GO,52,Goiás,mandioca,2021,temporaria,11440,11423,180820,15829.0,183609,0.009923901751945704
MA,21,Maranhão,mandioca,2021,temporaria,55018,55018,440241,8002.0,191399,0.02416164379592041
MG,31,Minas Gerais,mandioca,2021,temporaria,38837,38813,547267,14100.0,354795,0.030035526712100816
MS,50,Mato Grosso do Sul,mandioca,2021,temporaria,43834,43760,997672,22799.0,578446,0.05475499894186027
MT,51,Mato Grosso,mandioca,2021,temporaria,17864,17720,258812,14606.0,388564,0.014204318439467822
PA,15,Pará,mandioca,2021,temporaria,285911,285361,4053932,14206.0,2717388,0.22249100142168318
PB,25,Paraíba,mandioca,2021,temporaria,14321,14187,131811,9291.0,93963,0.007234152272014795
PE,26,Pernambuco,mandioca,2021,temporaria,43671,42486,421311,9916.0,265501,0.023122713035139898
PI,22,Piauí,mandioca,2021,temporaria,41527,41527,405718,9770.0,167476,0.02226692606457199
PR,41,Paraná,mandioca,2021,temporaria,142707,142677,3421367,23980.0,1684435,0.18777408453350966
RJ,33,Rio de Janeiro,mandioca,2021,temporaria,11847,11841,158860,13416.0,161983,0.008718676210121085
RN,24,Rio Grande do Norte,mandioca,2021,temporaria,22498,21393,230030,10753.0,152681,0.012624682667846866
RO,11,Rondônia,mandioca,2021,temporaria,18656,18656,417748,22392.0,493828,0.022927165739806514
RR,14,Roraima,mandioca,2021,temporaria,5545,5545,58210,10498.0,46464,0.0031947258100915796
RS,43,Rio Grande do Sul,mandioca,2021,temporaria,47627,47550,842953,17728.0,1033402,0.0462635922658328
SC,42,Santa Catarina,mandioca,2021,temporaria,16875,16800,341727,20341.0,321785,0.018754922984112098
SE,28,Sergipe,mandioca,2021,temporaria,10782,10669,135067,12660.0,66977,0.007412850558179683
SP,35,São Paulo,mandioca,2021,temporaria,65804,65647,1456284,22184.0,908958,0.07992489403235536
TO,17,Tocantins,mandioca,2021,temporaria,16618,16352,265699,16249.0,416754,0.014582296049055534
AC,12,Acre,mandioca,2022,temporaria,21895,21895,503862,23013.0,201887,0.028265896965475643
AL,27,Alagoas,mandioca,2022,temporaria,41314,37735,569894,15103.0,399963,0.03197019240435432
AM,13,Amazonas,mandioca,2022,temporaria,75034,74114,828114,11174.0,1014107,0.046455944285673255
AP,16,Amapá,mandioca,2022,temporaria,11399,11385,119197,10470.0,69907,0.006686771617216223
BA,29,Bahia,mandioca,2022,temporaria,103482,100270,815449,8133.0,631803,0.0457454569199506
CE,23,Ceará,mandioca,2022,temporaria,66018,65968,759971,11520.0,454892,0.042633224936092604
DF,53,Distrito Federal,mandioca,2022,temporaria,1250,1250,20550,16440.0,32880,0.001152823953067555
ES,32,Espírito Santo,mandioca,2022,temporaria,7487,7487,125385,16747.0,145937,0.007033909068388098
GO,52,Goiás,mandioca,2022,temporaria,11657,11624,183839,15815.0,194548,0.010313090156106389
MA,21,Maranhão,mandioca,2022,temporaria,52341,52241,422068,8079.0,216095,0.023677377139820772
MG,31,Minas Gerais,mandioca,2022,temporaria,38891,38891,563263,14483.0,524927,0.031598203322466684
MS,50,Mato Grosso do Sul,mandioca,2022,temporaria,43246,43154,958310,22207.0,917339,0.05375974318560432
MT,51,Mato Grosso,mandioca,2022,temporaria,18440,18287,270347,14784.0,386655,0.015166058259851792
PA,15,Pará,mandioca,2022,temporaria,278356,277106,4157308,15003.0,3174826,0.23321869794060202
PB,25,Paraíba,mandioca,2022,temporaria,14916,14903,139239,9343.0,113595,0.007811097537769991
PE,26,Pernambuco,mandioca,2022,temporaria,38856,36881,358441,9719.0,343620,0.02010799856746898
PI,22,Piauí,mandioca,2022,temporaria,40883,40849,442256,10827.0,201808,0.024809893439797795
PR,41,Paraná,mandioca,2022,temporaria,123041,122911,2906538,23648.0,2335965,0.1630523906034582
RJ,33,Rio de Janeiro,mandioca,2022,temporaria,12109,12104,174875,14448.0,233110,0.009810223298914292
RN,24,Rio Grande do Norte,mandioca,2022,temporaria,22216,21391,220083,10289.0,137464,0.012346323798684514
RO,11,Rondônia,mandioca,2022,temporaria,18968,18968,404950,21349.0,610591,0.02271708320168888
RR,14,Roraima,mandioca,2022,temporaria,5970,5970,70070,11737.0,62885,0.003930821138269761
RS,43,Rio Grande do Sul,mandioca,2022,temporaria,45952,45929,661054,14393.0,1095215,0.037084130679859835
SC,42,Santa Catarina,mandioca,2022,temporaria,15164,15144,308649,20381.0,356933,0.017314742593204275
SE,28,Sergipe,mandioca,2022,temporaria,12587,12389,156980,12671.0,119829,0.008806340834673713
SP,35,São Paulo,mandioca,2022,temporaria,61540,61156,1428113,23352.0,1249017,0.08011498170740464
TO,17,Tocantins,mandioca,2022,temporaria,16651,16289,256987,15777.0,391993,0.01441658244413488
AC,12,Acre,mandioca,2023,temporaria,22025,21565,496716,23033.0,243534,0.02696654540527018
AL,27,Alagoas,mandioca,2023,temporaria,34032,33583,518234,15431.0,448923,0.02813475042389371
AM,13,Amazonas,mandioca,2023,temporaria,66153,61355,633017,10317.0,810130,0.03436628107974761
AP,16,Amapá,mandioca,2023,temporaria,9821,9007,95110,10560.0,52006,0.005163490069768735
BA,29,Bahia,mandioca,2023,temporaria,105144,102902,808028,7852.0,627014,0.04386756969924394
CE,23,Ceará,mandioca,2023,temporaria,67122,67122,727878,10844.0,506633,0.039516253022848565
DF,53,Distrito Federal,mandioca,2023,temporaria,1250,1250,20550,16440.0,61650,0.0011156526225817212
ES,32,Espírito Santo,mandioca,2023,temporaria,7705,7705,130750,16970.0,166724,0.007098373742217033
GO,52,Goiás,mandioca,2023,temporaria,12486,12449,199465,16023.0,202093,0.010828888095535913
MA,21,Maranhão,mandioca,2023,temporaria,49913,49913,398360,7981.0,244754,0.02162683108183233
MG,31,Minas Gerais,mandioca,2023,temporaria,39536,39536,572565,14482.0,471935,0.031084362231070715
MS,50,Mato Grosso do Sul,mandioca,2023,temporaria,52083,52064,1156934,22221.0,1017406,0.06280955967172559
MT,51,Mato Grosso,mandioca,2023,temporaria,17973,17921,265836,14834.0,425279,0.014432147473315544
PA,15,Pará,mandioca,2023,temporaria,254370,250476,3769677,15050.0,4389571,0.20465450274141095
PB,25,Paraíba,mandioca,2023,temporaria,15016,15007,144559,9633.0,126077,0.00784805973079275
PE,26,Pernambuco,mandioca,2023,temporaria,50538,48049,526805,10964.0,547299,0.028600067145458083
PI,22,Piauí,mandioca,2023,temporaria,44991,44991,489577,10882.0,316653,0.026578971484461863
PR,41,Paraná,mandioca,2023,temporaria,136971,136966,3479343,25403.0,3025786,0.1888923670467812
RJ,33,Rio de Janeiro,mandioca,2023,temporaria,12103,12103,163139,13479.0,258186,0.008856761712669558
RN,24,Rio Grande do Norte,mandioca,2023,temporaria,27227,26815,297506,11095.0,245384,0.01615150117439404
RO,11,Rondônia,mandioca,2023,temporaria,17952,17876,374483,20949.0,786086,0.02033055674268957
RR,14,Roraima,mandioca,2023,temporaria,6264,6264,75732,12090.0,74690,0.004111464934956638
RS,43,Rio Grande do Sul,mandioca,2023,temporaria,43715,43652,706331,16181.0,1437522,0.0383464736039304
SC,42,Santa Catarina,mandioca,2023,temporaria,14587,14546,301905,20755.0,446457,0.01639032141219146
SE,28,Sergipe,mandioca,2023,temporaria,12356,12306,166103,13498.0,136049,0.00901767628071492
SP,35,São Paulo,mandioca,2023,temporaria,71454,71375,1658942,23243.0,1498667,0.09006340598593507
TO,17,Tocantins,mandioca,2023,temporaria,15530,15066,242167,16074.0,475926,0.01314716538456193
AC,12,Acre,mandioca,2024,temporaria,21945,21865,495940,22682.0,329548,0.02601161769037563
AL,27,Alagoas,mandioca,2024,temporaria,37565,37017,519429,14032.0,400689,0.027243595122986897
AM,13,Amazonas,mandioca,2024,temporaria,72870,70653,760516,10764.0,1020966,0.03988839665970422
AP,16,Amapá,mandioca,2024,temporaria,11200,11143,108531,9740.0,55556,0.005692355687289102
BA,29,Bahia,mandioca,2024,temporaria,103678,101911,806471,7913.0,617502,0.042298696072861484
CE,23,Ceará,mandioca,2024,temporaria,74423,74423,817857,10989.0,524016,0.042895881778839254
DF,53,Distrito Federal,mandioca,2024,temporaria,883,883,19154,21692.0,34477,0.0010046104876425671
ES,32,Espírito Santo,mandioca,2024,temporaria,7530,7530,127806,16973.0,131064,0.006703312518724336
GO,52,Goiás,mandioca,2024,temporaria,11540,11536,189191,16400.0,204854,0.00992290188825232
MA,21,Maranhão,mandioca,2024,temporaria,48064,47698,377827,7921.0,248366,0.019816694513653976
MG,31,Minas Gerais,mandioca,2024,temporaria,40115,40115,561735,14003.0,469764,0.029462507689041323
MS,50,Mato Grosso do Sul,mandioca,2024,temporaria,55556,55555,1267782,22820.0,791326,0.06649405310872242
MT,51,Mato Grosso,mandioca,2024,temporaria,14662,14648,212355,14497.0,450234,0.011137833356131218
PA,15,Pará,mandioca,2024,temporaria,268896,266576,3966227,14878.0,4640906,0.2080251248079313
PB,25,Paraíba,mandioca,2024,temporaria,16121,16121,164972,10233.0,160977,0.008652636596396032
PE,26,Pernambuco,mandioca,2024,temporaria,55911,54947,649589,11822.0,602509,0.03407037287549585
PI,22,Piauí,mandioca,2024,temporaria,46014,44825,460157,10266.0,274718,0.024134830748780454
PR,41,Paraná,mandioca,2024,temporaria,138001,137716,3693862,26822.0,2191877,0.1937398196253706
RJ,33,Rio de Janeiro,mandioca,2024,temporaria,11460,11315,153699,13584.0,195876,0.008061377641232898
RN,24,Rio Grande do Norte,mandioca,2024,temporaria,27244,24832,276245,11125.0,248107,0.014488807776904093
RO,11,Rondônia,mandioca,2024,temporaria,17597,17597,361016,20516.0,719044,0.01893497231945124
RR,14,Roraima,mandioca,2024,temporaria,5321,5321,71682,13472.0,108041,0.00375965798137175
RS,43,Rio Grande do Sul,mandioca,2024,temporaria,42893,41235,647393,15700.0,1463527,0.03395519460302728
SC,42,Santa Catarina,mandioca,2024,temporaria,14636,14292,283088,19807.0,461037,0.014847717120484445
SE,28,Sergipe,mandioca,2024,temporaria,12196,12122,169142,13953.0,142802,0.008871349436192916
SP,35,São Paulo,mandioca,2024,temporaria,76747,76645,1666659,21745.0,1130275,0.0874148016458115
TO,17,Tocantins,mandioca,2024,temporaria,14737,14361,237771,16557.0,507409,0.012470880247324885
AC,12,Acre,milho,2014,temporaria,45093,42181,104984,2489.0,59757,0.0013142448523886861
AL,27,Alagoas,milho,2014,temporaria,34480,22500,11301,502.0,5656,0.0001414718535857325
AM,13,Amazonas,milho,2014,temporaria,7529,7280,21430,2944.0,22125,0.0002682719956058975
AP,16,Amapá,milho,2014,temporaria,2150,2150,1958,911.0,1019,2.4511272393669964e-05
BA,29,Bahia,milho,2014,temporaria,825897,656718,2920991,4448.0,1127056,0.03656649952015241
CE,23,Ceará,milho,2014,temporaria,474619,472059,347828,737.0,217438,0.004354293592515544
DF,53,Distrito Federal,milho,2014,temporaria,71296,71296,666390,9347.0,239368,0.008342220025749605
ES,32,Espírito Santo,milho,2014,temporaria,21809,21489,58221,2709.0,35828,0.0007288410572174968
GO,52,Goiás,milho,2014,temporaria,1404928,1404928,9088029,6469.0,2855049,0.11376872029651279
MA,21,Maranhão,milho,2014,temporaria,551885,551885,1520047,2754.0,613336,0.019028746715107684
MG,31,Minas Gerais,milho,2014,temporaria,1325456,1272338,6966931,5476.0,3018268,0.08721570147543589
MS,50,Mato Grosso do Sul,milho,2014,temporaria,1595232,1595232,8251121,5172.0,2079803,0.10329186638617492
MT,51,Mato Grosso,milho,2014,temporaria,3349650,3330803,18071316,5426.0,3718549,0.22622622522374172
PA,15,Pará,milho,2014,temporaria,205150,205150,590078,2876.0,318787,0.007386906328657806
PB,25,Paraíba,milho,2014,temporaria,85636,67064,28249,421.0,17626,0.0003536358191260382
PE,26,Pernambuco,milho,2014,temporaria,215407,163157,53074,325.0,32025,0.0006644082078762205
PI,22,Piauí,milho,2014,temporaria,405631,377217,1036825,2749.0,491005,0.012979519918062747
PR,41,Paraná,milho,2014,temporaria,2559669,2558424,15823241,6185.0,5403243,0.19808364162496767
RJ,33,Rio de Janeiro,milho,2014,temporaria,4737,4596,11062,2407.0,6213,0.00013847992605657666
RN,24,Rio Grande do Norte,milho,2014,temporaria,47897,23415,13167,562.0,10269,0.00016483142165855588
RO,11,Rondônia,milho,2014,temporaria,154213,154159,542279,3518.0,197211,0.006788533341351866
RR,14,Roraima,milho,2014,temporaria,6181,6181,15350,2483.0,10795,0.00019215936222820936
RS,43,Rio Grande do Sul,milho,2014,temporaria,925514,924363,5389520,5831.0,2170651,0.0674688420792299
SC,42,Santa Catarina,milho,2014,temporaria,442643,436433,3149729,7217.0,1282417,0.03942996194343294
SE,28,Sergipe,milho,2014,temporaria,178409,162545,762472,4691.0,330221,0.009545024966571156
SP,35,São Paulo,milho,2014,temporaria,779697,777133,3983895,5126.0,1538592,0.049872490057599486
TO,17,Tocantins,milho,2014,temporaria,122313,122213,452126,3699.0,196558,0.005659950736598788
AC,12,Acre,milho,2015,temporaria,41876,38386,94483,2461.0,57888,0.0011078670367256581
AL,27,Alagoas,milho,2015,temporaria,34224,19226,15800,822.0,10984,0.00018526400707286387
AM,13,Amazonas,milho,2015,temporaria,6604,5364,16816,3135.0,18589,0.0001971771862618531
AP,16,Amapá,milho,2015,temporaria,1757,1750,1650,943.0,995,1.934719061203958e-05
BA,29,Bahia,milho,2015,temporaria,814311,702854,2681529,3815.0,1156655,0.031442456178613264
CE,23,Ceará,milho,2015,temporaria,495927,495682,130887,264.0,82318,0.0015347246894775906
DF,53,Distrito Federal,milho,2015,temporaria,65222,65222,528188,8098.0,186392,0.006193305403025431
ES,32,Espírito Santo,milho,2015,temporaria,18642,13154,30147,2292.0,17209,0.000353490760837065
GO,52,Goiás,milho,2015,temporaria,1409102,1401843,9512503,6786.0,3263433,0.11153952044763536
MA,21,Maranhão,milho,2015,temporaria,456746,456746,1397831,3060.0,591935,0.016390365333586607
MG,31,Minas Gerais,milho,2015,temporaria,1281452,1219333,6839297,5609.0,2999614,0.08019465618869726
MS,50,Mato Grosso do Sul,milho,2015,temporaria,1681672,1681672,9727809,5785.0,3063363,0.11406410603667524
MT,51,Mato Grosso,milho,2015,temporaria,3570606,3570606,21353295,5980.0,5716970,0.250379556703098
PA,15,Pará,milho,2015,temporaria,228871,228866,759662,3319.0,398561,0.008907470008923158
PB,25,Paraíba,milho,2015,temporaria,65286,45803,10934,239.0,7150,0.00012820738312244897
PE,26,Pernambuco,milho,2015,temporaria,196187,79290,26493,334.0,20241,0.00031064552780894826
PI,22,Piauí,milho,2015,temporaria,409277,370650,1101439,2972.0,457237,0.012915000170020766
PR,41,Paraná,milho,2015,temporaria,2439400,2437929,15777409,6472.0,5544628,0.18499911471945987
RJ,33,Rio de Janeiro,milho,2015,temporaria,2440,2370,6234,2630.0,5925,7.30972038033059e-05
RN,24,Rio Grande do Norte,milho,2015,temporaria,42915,11253,4222,375.0,3049,4.9505356826685524e-05
RO,11,Rondônia,milho,2015,temporaria,175952,175711,787093,4479.0,305143,0.0092291141214558
RR,14,Roraima,milho,2015,temporaria,5221,5221,15528,2974.0,11725,0.0001820746520143943
RS,43,Rio Grande do Sul,milho,2015,temporaria,854793,854735,5563555,6509.0,2190853,0.06523585397913083
SC,42,Santa Catarina,milho,2015,temporaria,404487,404487,3076480,7606.0,1208696,0.036073481802501535
SE,28,Sergipe,milho,2015,temporaria,175135,150935,495729,3284.0,269839,0.0058127051241913755
SP,35,São Paulo,milho,2015,temporaria,808374,808017,4688951,5803.0,1895732,0.05498062349546279
TO,17,Tocantins,milho,2015,temporaria,162078,162078,639736,3947.0,285630,0.0075012692929598505
AC,12,Acre,milho,2016,temporaria,36387,36387,82329,2263.0,58053,0.0012826166457651465
AL,27,Alagoas,milho,2016,temporaria,29510,8657,13057,1508.0,12809,0.00020341708928513062
AM,13,Amazonas,milho,2016,temporaria,3920,3880,9929,2559.0,9769,0.00015468547748426605
AP,16,Amapá,milho,2016,temporaria,1672,1546,1517,981.0,930,2.3633585390636683e-05
BA,29,Bahia,milho,2016,temporaria,620836,457942,1580460,3451.0,1106890,0.02462223887045857
CE,23,Ceará,milho,2016,temporaria,475646,473696,114675,242.0,105531,0.0017865401481023477
DF,53,Distrito Federal,milho,2016,temporaria,70163,70163,292474,4168.0,193080,0.0045564991783395336
ES,32,Espírito Santo,milho,2016,temporaria,13305,13161,37897,2879.0,31080,0.0005904034182919963
GO,52,Goiás,milho,2016,temporaria,1574541,1337699,5804842,4339.0,3704881,0.09043456103240226
MA,21,Maranhão,milho,2016,temporaria,334109,332713,682791,2052.0,511467,0.010637310087315893
MG,31,Minas Gerais,milho,2016,temporaria,1219262,1102087,5843579,5302.0,4185139,0.09103805094491187
MS,50,Mato Grosso do Sul,milho,2016,temporaria,1686337,1678387,6029756,3593.0,3283709,0.09393853217581007
MT,51,Mato Grosso,milho,2016,temporaria,3900268,3736321,15339785,4106.0,7728230,0.23898096155010395
PA,15,Pará,milho,2016,temporaria,198461,197261,643008,3260.0,470505,0.010017524373673377
PB,25,Paraíba,milho,2016,temporaria,83798,68209,12613,185.0,11505,0.00019649994234152964
PE,26,Pernambuco,milho,2016,temporaria,222514,91859,13364,145.0,12583,0.00020819989133847634
PI,22,Piauí,milho,2016,temporaria,483738,410197,600690,1464.0,474951,0.009358245489981244
PR,41,Paraná,milho,2016,temporaria,2584083,2576884,13929989,5406.0,7672260,0.21701752440483169
RJ,33,Rio de Janeiro,milho,2016,temporaria,2817,2812,7563,2690.0,7877,0.00011782518543795994
RN,24,Rio Grande do Norte,milho,2016,temporaria,36866,7700,2943,382.0,3005,4.584946724103082e-05
RO,11,Rondônia,milho,2016,temporaria,166818,157518,602411,3824.0,329345,0.00938505722396759
RR,14,Roraima,milho,2016,temporaria,5130,5090,17013,3342.0,17627,0.000265048245386224
RS,43,Rio Grande do Sul,milho,2016,temporaria,740510,738370,4729948,6406.0,2939673,0.07368861565673776
SC,42,Santa Catarina,milho,2016,temporaria,360341,360341,2530363,7022.0,1638510,0.039420929485700466
SE,28,Sergipe,milho,2016,temporaria,172285,88618,140962,1591.0,105918,0.002196069521315048
SP,35,São Paulo,milho,2016,temporaria,866512,864965,4592671,5310.0,2754431,0.07154995533922265
TO,17,Tocantins,milho,2016,temporaria,161258,148039,531685,3592.0,323258,0.00828320556916326
AC,12,Acre,milho,2017,temporaria,34850,34850,89244,2561.0,61876,0.0009114840184201397
AL,27,Alagoas,milho,2017,temporaria,42199,27671,33507,1211.0,18337,0.00034222014931203915
AM,13,Amazonas,milho,2017,temporaria,3638,3518,8852,2516.0,9424,9.04089522102895e-05
AP,16,Amapá,milho,2017,temporaria,1679,1591,1564,983.0,974,1.5973746188080974e-05
BA,29,Bahia,milho,2017,temporaria,613214,499280,1915453,3836.0,860934,0.019563273693860784
CE,23,Ceará,milho,2017,temporaria,562831,562831,373425,663.0,233241,0.0038139361702584002
DF,53,Distrito Federal,milho,2017,temporaria,65334,65334,460740,7052.0,215009,0.004705718554153727
ES,32,Espírito Santo,milho,2017,temporaria,13122,13122,37209,2836.0,26622,0.00038003012909993924
GO,52,Goiás,milho,2017,temporaria,1635950,1633471,9996344,6120.0,3532569,0.10209658687004228
MA,21,Maranhão,milho,2017,temporaria,470456,464034,1631080,3515.0,662101,0.016658860570623477
MG,31,Minas Gerais,milho,2017,temporaria,1085791,1054224,6752413,6405.0,3186535,0.06896504566438517
MS,50,Mato Grosso do Sul,milho,2017,temporaria,1832510,1831970,9821727,5361.0,2843153,0.10031315487635677
MT,51,Mato Grosso,milho,2017,temporaria,4784837,4784797,29942322,6258.0,6964508,0.30581269303695213
PA,15,Pará,milho,2017,temporaria,266993,266981,872065,3266.0,444526,0.0089067423078701
PB,25,Paraíba,milho,2017,temporaria,84454,73929,26242,355.0,18833,0.00026801985132200826
PE,26,Pernambuco,milho,2017,temporaria,199008,111673,45598,408.0,29351,0.0004657102804885654
PI,22,Piauí,milho,2017,temporaria,471678,451958,1439469,3185.0,809958,0.014701862181336785
PR,41,Paraná,milho,2017,temporaria,2836152,2836152,17542688,6185.0,5999687,0.17917036161681194
RJ,33,Rio de Janeiro,milho,2017,temporaria,2763,2757,8243,2990.0,5767,8.418899605393317e-05
RN,24,Rio Grande do Norte,milho,2017,temporaria,35404,13481,4071,302.0,3642,4.157872169544607e-05
RO,11,Rondônia,milho,2017,temporaria,215716,215545,933956,4333.0,334025,0.00953885939567478
RR,14,Roraima,milho,2017,temporaria,6625,6616,41374,6254.0,33314,0.0004225689097095027
RS,43,Rio Grande do Sul,milho,2017,temporaria,831221,830216,6058900,7298.0,2532896,0.061881925050488375
SC,42,Santa Catarina,milho,2017,temporaria,364414,363272,3009582,8285.0,1297849,0.0307380428390135
SE,28,Sergipe,milho,2017,temporaria,169462,169262,843762,4985.0,450668,0.008617672654186432
SP,35,São Paulo,milho,2017,temporaria,882763,882122,5178871,5871.0,2050155,0.052893843283128586
TO,17,Tocantins,milho,2017,temporaria,226619,226549,841957,3716.0,375457,0.008599237480356837
AC,12,Acre,milho,2018,temporaria,30140,30140,80631,2675.0,56590,0.0009789291720929706
AL,27,Alagoas,milho,2018,temporaria,33234,13216,25421,1924.0,16885,0.00030863264109059054
AM,13,Amazonas,milho,2018,temporaria,3612,3535,8114,2295.0,6719,9.851088666099098e-05
AP,16,Amapá,milho,2018,temporaria,1408,1360,1155,849.0,730,1.4022685986374734e-05
BA,29,Bahia,milho,2018,temporaria,638261,516956,2264648,4381.0,1148730,0.027494759977204818
CE,23,Ceará,milho,2018,temporaria,570213,570213,470149,825.0,292315,0.005708010211089259
DF,53,Distrito Federal,milho,2018,temporaria,63600,63600,392580,6173.0,181375,0.0047662563329272664
ES,32,Espírito Santo,milho,2018,temporaria,13930,13921,42027,3019.0,29484,0.0005102436570990224
GO,52,Goiás,milho,2018,temporaria,1501508,1500108,8998655,5999.0,4179573,0.10925135356252894
MA,21,Maranhão,milho,2018,temporaria,412696,412696,1318782,3196.0,721692,0.016011139281803675
MG,31,Minas Gerais,milho,2018,temporaria,1049785,1024685,6634939,6475.0,3500793,0.08055382349415686
MS,50,Mato Grosso do Sul,milho,2018,temporaria,1907544,1899424,7430987,3912.0,3555542,0.09021852577474702
MT,51,Mato Grosso,milho,2018,temporaria,4418507,4417207,26172540,5925.0,9217546,0.31775697825613175
PA,15,Pará,milho,2018,temporaria,226708,226708,790965,3489.0,457890,0.009602990321396441
PB,25,Paraíba,milho,2018,temporaria,100290,91265,54748,600.0,41204,0.0006646874566078302
PE,26,Pernambuco,milho,2018,temporaria,185695,120777,51040,423.0,38406,0.0006196691712074167
PI,22,Piauí,milho,2018,temporaria,480675,448011,1518094,3389.0,877040,0.01843095710805157
PR,41,Paraná,milho,2018,temporaria,2404747,2395283,12760610,5327.0,6291050,0.15492469872259157
RJ,33,Rio de Janeiro,milho,2018,temporaria,2544,2454,7094,2891.0,5165,8.612721591977693e-05
RN,24,Rio Grande do Norte,milho,2018,temporaria,44783,39026,23934,613.0,19397,0.00029057919168648733
RO,11,Rondônia,milho,2018,temporaria,185413,185153,735150,3971.0,315092,0.008925348573925008
RR,14,Roraima,milho,2018,temporaria,9155,9155,44648,4877.0,31580,0.0005420648345624754
RS,43,Rio Grande do Sul,milho,2018,temporaria,706160,696952,4557251,6539.0,2331987,0.05532891751869458
SC,42,Santa Catarina,milho,2018,temporaria,332921,332921,2574200,7732.0,1417202,0.03125298551179726
SE,28,Sergipe,milho,2018,temporaria,145126,33496,106814,3189.0,72816,0.0012968131436784682
SP,35,São Paulo,milho,2018,temporaria,861700,860233,4488539,5218.0,2474321,0.054494695181468794
TO,17,Tocantins,milho,2018,temporaria,217873,217873,812816,3731.0,397065,0.009868280114892783
AC,12,Acre,milho,2019,temporaria,28970,28840,75412,2615.0,54984,0.0007457201412145466
AL,27,Alagoas,milho,2019,temporaria,38627,21766,54122,2487.0,30267,0.0005351915541666273
AM,13,Amazonas,milho,2019,temporaria,2890,2856,6683,2340.0,5657,6.608560578869166e-05
AP,16,Amapá,milho,2019,temporaria,1248,1248,1138,912.0,817,1.1253242464092639e-05
BA,29,Bahia,milho,2019,temporaria,609846,547410,1886858,3447.0,1043818,0.018658409990608884
CE,23,Ceará,milho,2019,temporaria,524476,521473,423601,812.0,301754,0.004188826679290075
DF,53,Distrito Federal,milho,2019,temporaria,64000,64000,499800,7809.0,222708,0.004942329159537347
ES,32,Espírito Santo,milho,2019,temporaria,13130,13060,37533,2874.0,27080,0.0003711493404260009
GO,52,Goiás,milho,2019,temporaria,1668937,1667787,11979032,7183.0,5638783,0.11845602072155059
MA,21,Maranhão,milho,2019,temporaria,426096,425885,1803512,4235.0,892742,0.017834233587786155
MG,31,Minas Gerais,milho,2019,temporaria,1125265,1083968,7468417,6890.0,4429923,0.0738522911458272
MS,50,Mato Grosso do Sul,milho,2019,temporaria,1983941,1983292,9963206,5024.0,4324176,0.09852229599095129
MT,51,Mato Grosso,milho,2019,temporaria,5026449,5026279,31504274,6268.0,11836056,0.31153359751951637
PA,15,Pará,milho,2019,temporaria,259122,259122,827720,3194.0,482179,0.008185003385218593
PB,25,Paraíba,milho,2019,temporaria,92791,78642,39414,501.0,29810,0.00038974982291717684
PE,26,Pernambuco,milho,2019,temporaria,169246,79123,30489,385.0,21874,0.00030149394506829566
PI,22,Piauí,milho,2019,temporaria,450951,437306,1835613,4198.0,982068,0.01815166797824295
PR,41,Paraná,milho,2019,temporaria,2632187,2629310,16519549,6283.0,8117046,0.16335543962606247
RJ,33,Rio de Janeiro,milho,2019,temporaria,1784,1779,7967,4478.0,6160,7.878258586241305e-05
RN,24,Rio Grande do Norte,milho,2019,temporaria,59896,55231,30687,556.0,22522,0.0003034518905936826
RO,11,Rondônia,milho,2019,temporaria,225372,225327,1004717,4459.0,557492,0.009935258355708052
RR,14,Roraima,milho,2019,temporaria,9621,9621,50390,5238.0,37370,0.0004982872475972127
RS,43,Rio Grande do Sul,milho,2019,temporaria,763097,762782,5735186,7519.0,3118157,0.056713039222029527
SC,42,Santa Catarina,milho,2019,temporaria,344237,344127,2767069,8041.0,1586317,0.027362476600944072
SE,28,Sergipe,milho,2019,temporaria,148624,142036,687221,4838.0,568055,0.006795663039908794
SP,35,São Paulo,milho,2019,temporaria,844611,844529,4800956,5685.0,2721775,0.047474799584745465
TO,17,Tocantins,milho,2019,temporaria,259121,259121,1085843,4190.0,531792,0.010737482035973413
AC,12,Acre,milho,2020,temporaria,29870,29870,83819,2806.0,71164,0.0008060314799340531
AL,27,Alagoas,milho,2020,temporaria,38523,31926,61097,1914.0,64082,0.0005875291441025405
AM,13,Amazonas,milho,2020,temporaria,3066,3026,6824,2255.0,6426,6.562186161932233e-05
AP,16,Amapá,milho,2020,temporaria,1306,1263,1150,911.0,973,1.1058783830923312e-05
BA,29,Bahia,milho,2020,temporaria,594905,577377,2646751,4584.0,2141299,0.025452041011547917
CE,23,Ceará,milho,2020,temporaria,538259,537704,633317,1178.0,530482,0.00609018765169466
DF,53,Distrito Federal,milho,2020,temporaria,61200,61200,486138,7943.0,389695,0.004674865264345562
ES,32,Espírito Santo,milho,2020,temporaria,12822,12822,38883,3033.0,37149,0.0003739119058241662
GO,52,Goiás,milho,2020,temporaria,1733660,1731660,11838775,6837.0,7559730,0.11384561178081663
MA,21,Maranhão,milho,2020,temporaria,455590,455590,2177432,4779.0,1530695,0.02093891286481305
MG,31,Minas Gerais,milho,2020,temporaria,1139726,1119388,7689309,6869.0,6100649,0.07394296177406356
MS,50,Mato Grosso do Sul,milho,2020,temporaria,1973409,1972979,10696608,5422.0,7442091,0.10286215269228256
MT,51,Mato Grosso,milho,2020,temporaria,5318762,5318762,33650671,6327.0,19120783,0.32359608378653915
PA,15,Pará,milho,2020,temporaria,320749,320749,893065,2784.0,667890,0.008588011114750894
PB,25,Paraíba,milho,2020,temporaria,97765,97725,77585,794.0,72418,0.0007460832552366827
PE,26,Pernambuco,milho,2020,temporaria,178021,144159,92638,643.0,86361,0.0008908379274165859
PI,22,Piauí,milho,2020,temporaria,467765,466232,2199753,4718.0,1622506,0.02115355905080439
PR,41,Paraná,milho,2020,temporaria,2696231,2695831,15809775,5865.0,12664960,0.15203207316568312
RJ,33,Rio de Janeiro,milho,2020,temporaria,1655,1655,7866,4753.0,6475,7.564208140351546e-05
RN,24,Rio Grande do Norte,milho,2020,temporaria,58887,55776,31252,560.0,27839,0.0003005296628556655
RO,11,Rondônia,milho,2020,temporaria,246609,246564,1036905,4205.0,751811,0.00997122456365525
RR,14,Roraima,milho,2020,temporaria,13900,13900,79128,5693.0,89325,0.000760921258237652
RS,43,Rio Grande do Sul,milho,2020,temporaria,751573,741685,4210008,5676.0,3050335,0.04048484208561547
SC,42,Santa Catarina,milho,2020,temporaria,342869,341849,2701935,7904.0,1930399,0.02598270877409198
SE,28,Sergipe,milho,2020,temporaria,152103,152103,904506,5947.0,940512,0.008698031589367931
SP,35,São Paulo,milho,2020,temporaria,810287,810278,4503594,5558.0,4340811,0.043308063050646294
TO,17,Tocantins,milho,2020,temporaria,316908,316908,1430951,4515.0,1175849,0.013760502418820472
AC,12,Acre,milho,2021,temporaria,34105,34105,105885,3105.0,130992,0.0011995294187804447
AL,27,Alagoas,milho,2021,temporaria,55778,32785,82272,2509.0,114501,0.0009320270514417033
AM,13,Amazonas,milho,2021,temporaria,2882,2814,6363,2261.0,6989,7.208391832365274e-05
AP,16,Amapá,milho,2021,temporaria,1338,1310,1186,905.0,1047,1.3435726407646102e-05
BA,29,Bahia,milho,2021,temporaria,617726,582196,2450153,4208.0,2599200,0.027756817339690827
CE,23,Ceará,milho,2021,temporaria,557785,557785,414411,743.0,573501,0.004694698833321272
DF,53,Distrito Federal,milho,2021,temporaria,60000,60000,324000,5400.0,409999,0.003670468259761667
ES,32,Espírito Santo,milho,2021,temporaria,13787,13787,41670,3022.0,63169,0.0004720630011860144
GO,52,Goiás,milho,2021,temporaria,1882705,1860245,10750433,5779.0,14757501,0.12178741699134073
MA,21,Maranhão,milho,2021,temporaria,483152,483152,2267556,4693.0,2576633,0.025688247917383108
MG,31,Minas Gerais,milho,2021,temporaria,1193535,1155546,6788836,5875.0,10887818,0.07690804647755357
MS,50,Mato Grosso do Sul,milho,2021,temporaria,2150745,1957745,5418082,2768.0,8029312,0.06137931484501856
MT,51,Mato Grosso,milho,2021,temporaria,5808096,5808096,32051305,5518.0,38447535,0.36309659779765563
PA,15,Pará,milho,2021,temporaria,362071,362071,1122835,3101.0,1360008,0.012720155026078678
PB,25,Paraíba,milho,2021,temporaria,86374,73531,48172,655.0,56852,0.0005457215957075279
PE,26,Pernambuco,milho,2021,temporaria,183755,104774,66281,633.0,101181,0.000750871317053281
PI,22,Piauí,milho,2021,temporaria,521923,505354,2145035,4245.0,2725435,0.024300255813511935
PR,41,Paraná,milho,2021,temporaria,2856885,2751186,10528860,3827.0,15040284,0.11927730383171058
RJ,33,Rio de Janeiro,milho,2021,temporaria,2019,2019,8557,4238.0,11704,9.693887931722403e-05
RN,24,Rio Grande do Norte,milho,2021,temporaria,45473,27423,13345,487.0,17656,0.00015118024360036866
RO,11,Rondônia,milho,2021,temporaria,295980,295312,1232783,4175.0,1471400,0.013965712569980762
RR,14,Roraima,milho,2021,temporaria,21373,21373,114159,5341.0,203531,0.0012932623026732472
RS,43,Rio Grande do Sul,milho,2021,temporaria,780142,776082,4389617,5656.0,5904282,0.049728240342624165
SC,42,Santa Catarina,milho,2021,temporaria,338887,335421,2006694,5983.0,2615663,0.022733045166833884
SE,28,Sergipe,milho,2021,temporaria,175237,165543,741765,4481.0,943785,0.008403163236734916
SP,35,São Paulo,milho,2021,temporaria,681655,680144,3709901,5455.0,5164060,0.04202800576345083
TO,17,Tocantins,milho,2021,temporaria,334551,334501,1441960,4311.0,1927489,0.01633539633285782
AC,12,Acre,milho,2022,temporaria,40460,40380,135276,3350.0,198670,0.0012326966077551849
AL,27,Alagoas,milho,2022,temporaria,54019,20598,48055,2333.0,68308,0.0004378990765965538
AM,13,Amazonas,milho,2022,temporaria,2554,2506,5593,2232.0,7008,5.0965966817282805e-05
AP,16,Amapá,milho,2022,temporaria,2506,2500,2350,940.0,2196,2.1414271771967566e-05
BA,29,Bahia,milho,2022,temporaria,667268,643491,2739012,4256.0,3506018,0.024959126533906566
CE,23,Ceará,milho,2022,temporaria,583791,583065,538505,924.0,758188,0.004907103157686551
DF,53,Distrito Federal,milho,2022,temporaria,60000,60000,327000,5450.0,393827,0.002979773135929104
ES,32,Espírito Santo,milho,2022,temporaria,15624,15624,52537,3363.0,89976,0.0004787411047165362
GO,52,Goiás,milho,2022,temporaria,1942588,1907212,10709893,5615.0,14486804,0.09759342951093321
MA,21,Maranhão,milho,2022,temporaria,514675,514675,2278917,4428.0,3003354,0.020766531056917878
MG,31,Minas Gerais,milho,2022,temporaria,1314591,1305405,7847614,6012.0,11202900,0.07151103785425425
MS,50,Mato Grosso do Sul,milho,2022,temporaria,2386159,2379009,12870873,5410.0,16819939,0.11728526483594873
MT,51,Mato Grosso,milho,2022,temporaria,6416967,6414777,38331222,5975.0,42055965,0.3492915767062222
PA,15,Pará,milho,2022,temporaria,405590,405590,1240534,3059.0,1559459,0.01130431158228341
PB,25,Paraíba,milho,2022,temporaria,98856,92523,69495,751.0,96695,0.0006332701348054834
PE,26,Pernambuco,milho,2022,temporaria,193735,115314,68046,590.0,100161,0.0006200661859554489
PI,22,Piauí,milho,2022,temporaria,585294,582616,2591483,4448.0,3155236,0.023614775001886735
PR,41,Paraná,milho,2022,temporaria,3073180,3049891,15604352,5116.0,20471023,0.1421939721504024
RJ,33,Rio de Janeiro,milho,2022,temporaria,2383,2383,10775,4522.0,16338,9.818671418848958e-05
RN,24,Rio Grande do Norte,milho,2022,temporaria,60387,52943,28509,538.0,38839,0.00025978701019022273
RO,11,Rondônia,milho,2022,temporaria,322237,322237,1485546,4610.0,1933099,0.013536972669684821
RR,14,Roraima,milho,2022,temporaria,15720,15720,97870,6226.0,177627,0.0008918360758819003
RS,43,Rio Grande do Sul,milho,2022,temporaria,784000,774141,3001701,3877.0,4608718,0.027352868507313537
SC,42,Santa Catarina,milho,2022,temporaria,337104,336054,2138770,6364.0,3297498,0.019489447675630243
SE,28,Sergipe,milho,2022,temporaria,176093,175993,793896,4511.0,1008595,0.007234342426671474
SP,35,São Paulo,milho,2022,temporaria,832407,829907,4785141,5766.0,6630160,0.043604387166461554
TO,17,Tocantins,milho,2022,temporaria,422261,421847,1936933,4592.0,2305802,0.017650216879188278
AC,12,Acre,milho,2023,temporaria,40831,40831,139065,3406.0,164107,0.0010539242484585661
AL,27,Alagoas,milho,2023,temporaria,54358,27359,71427,2611.0,97760,0.0005413198669302126
AM,13,Amazonas,milho,2023,temporaria,3340,3288,8265,2514.0,10886,6.26374998274911e-05
AP,16,Amapá,milho,2023,temporaria,2372,2294,2217,966.0,2261,1.680185567060469e-05
BA,29,Bahia,milho,2023,temporaria,694618,651378,3097053,4755.0,2948563,0.0234714648219275
CE,23,Ceará,milho,2023,temporaria,600298,599578,359978,600.0,433586,0.002728145422008541
DF,53,Distrito Federal,milho,2023,temporaria,55500,55500,313200,5643.0,229583,0.002373631572410189
ES,32,Espírito Santo,milho,2023,temporaria,18305,18305,67475,3686.0,98567,0.0005113690624149984
GO,52,Goiás,milho,2023,temporaria,2181640,2181640,14460846,6628.0,10577155,0.10959361631341503
MA,21,Maranhão,milho,2023,temporaria,535302,535302,2487084,4646.0,2083612,0.01884872639092025
MG,31,Minas Gerais,milho,2023,temporaria,1228588,1228338,8296982,6755.0,7845375,0.0628798800476342
MS,50,Mato Grosso do Sul,milho,2023,temporaria,2395909,2395854,13443031,5611.0,8561016,0.10187995788789564
MT,51,Mato Grosso,milho,2023,temporaria,7429526,7429526,50241972,6762.0,29501004,0.38076606321631123
PA,15,Pará,milho,2023,temporaria,485255,485253,1739135,3584.0,1972335,0.013180286541135356
PB,25,Paraíba,milho,2023,temporaria,101039,89395,41946,469.0,51775,0.0003178938375999929
PE,26,Pernambuco,milho,2023,temporaria,184857,84457,54720,648.0,76089,0.00041470344713373416
PI,22,Piauí,milho,2023,temporaria,601766,587331,2752791,4687.0,3426461,0.020862425382652032
PR,41,Paraná,milho,2023,temporaria,2803150,2803150,17884646,6380.0,15043426,0.13554138060976884
RJ,33,Rio de Janeiro,milho,2023,temporaria,1963,1963,10458,5328.0,15492,7.925746802128274e-05
RN,24,Rio Grande do Norte,milho,2023,temporaria,66428,47331,25880,547.0,37639,0.0001961353291633962
RO,11,Rondônia,milho,2023,temporaria,356552,356373,1705199,4785.0,2190122,0.012923097648921716
RR,14,Roraima,milho,2023,temporaria,13774,13774,79774,5792.0,119006,0.0006045788156368149
RS,43,Rio Grande do Sul,milho,2023,temporaria,822596,815765,3960494,4855.0,5183639,0.030015177524716215
SC,42,Santa Catarina,milho,2023,temporaria,329571,329406,2586339,7852.0,3075119,0.019600944787215184
SE,28,Sergipe,milho,2023,temporaria,184915,178840,874463,4890.0,1021628,0.006627244526515106
SP,35,São Paulo,milho,2023,temporaria,827274,825734,4846521,5869.0,5112206,0.03673006150047574
TO,17,Tocantins,milho,2023,temporaria,527055,527045,2398750,4551.0,1946271,0.018179274375220118
AC,12,Acre,milho,2024,temporaria,37625,37625,119066,3165.0,128558,0.001035777110293212
AL,27,Alagoas,milho,2024,temporaria,52459,30773,60451,1964.0,70409,0.000525874406584037
AM,13,Amazonas,milho,2024,temporaria,6147,6029,17440,2893.0,26589,0.0001517137789420457
AP,16,Amapá,milho,2024,temporaria,1800,1794,1818,1013.0,1760,1.5815117552559582e-05
BA,29,Bahia,milho,2024,temporaria,649224,593249,2631104,4435.0,2367762,0.02288845932508786
CE,23,Ceará,milho,2024,temporaria,572432,572172,398661,697.0,457195,0.0034680256208036056
DF,53,Distrito Federal,milho,2024,temporaria,53000,53000,328200,6192.0,250740,0.002855072376650195
ES,32,Espírito Santo,milho,2024,temporaria,16684,16664,58800,3529.0,82663,0.0005115120528550623
GO,52,Goiás,milho,2024,temporaria,2159485,2158782,13026753,6034.0,9833823,0.11332212872560957
MA,21,Maranhão,milho,2024,temporaria,496073,496073,2384065,4806.0,2769647,0.020739421467515378
MG,31,Minas Gerais,milho,2024,temporaria,1115757,1092993,6599875,6038.0,5763118,0.057413530779537494
MS,50,Mato Grosso do Sul,milho,2024,temporaria,2216501,2195532,7881086,3590.0,6137502,0.06855902174468184
MT,51,Mato Grosso,milho,2024,temporaria,7078785,7078685,47414131,6698.0,29217248,0.41246427690729337
PA,15,Pará,milho,2024,temporaria,477962,477562,1759249,3684.0,1562172,0.015304031759748565
PB,25,Paraíba,milho,2024,temporaria,106853,96179,47842,497.0,62250,0.00041618638831108666
PE,26,Pernambuco,milho,2024,temporaria,184668,143136,115522,807.0,135018,0.0010049472001687502
PI,22,Piauí,milho,2024,temporaria,442105,430509,1667634,3874.0,1570988,0.014507055965151346
PR,41,Paraná,milho,2024,temporaria,2827906,2824772,15514499,5492.0,13607461,0.1349634903487723
RJ,33,Rio de Janeiro,milho,2024,temporaria,1525,1517,6305,4156.0,7879,5.4848358728761364e-05
RN,24,Rio Grande do Norte,milho,2024,temporaria,70955,46837,22696,485.0,31803,0.00019743669305439618
RO,11,Rondônia,milho,2024,temporaria,349695,349091,1721713,4932.0,1362471,0.014977499167640271
RR,14,Roraima,milho,2024,temporaria,18158,18158,111098,6118.0,176428,0.0009664620076206075
RS,43,Rio Grande do Sul,milho,2024,temporaria,808916,798800,4505668,5641.0,4155826,0.03919563755379869
SC,42,Santa Catarina,milho,2024,temporaria,294946,294717,1824156,6190.0,1761128,0.015868669732787062
SE,28,Sergipe,milho,2024,temporaria,178893,178383,913909,5123.0,1062580,0.00795026307334553
SP,35,São Paulo,milho,2024,temporaria,747217,723128,3657604,5058.0,3675089,0.031818172288620536
TO,17,Tocantins,milho,2024,temporaria,471066,470656,2163958,4598.0,1839977,0.018824670048845835
AC,12,Acre,soja,2014,temporaria,400,400,1095,2738.0,926,1.2620947868915493e-05
AL,27,Alagoas,soja,2014,temporaria,,,,,,
AM,13,Amazonas,soja,2014,temporaria,,,,,,
AP,16,Amapá,soja,2014,temporaria,17220,15825,40792,2578.0,36136,0.00047016776755141626
BA,29,Bahia,soja,2014,temporaria,1276369,1276369,3206364,2512.0,3097332,0.03695648666006151
CE,23,Ceará,soja,2014,temporaria,,,,,,
DF,53,Distrito Federal,soja,2014,temporaria,72000,72000,216000,3000.0,217728,0.0024896116344162067
ES,32,Espírito Santo,soja,2014,temporaria,,,,,,
GO,52,Goiás,soja,2014,temporaria,3176995,3176995,8938560,2814.0,8402280,0.10302566190244133
MA,21,Maranhão,soja,2014,temporaria,677540,677540,1875792,2769.0,1734291,0.02162034068030021
MG,31,Minas Gerais,soja,2014,temporaria,1244575,1236695,3345549,2705.0,3453701,0.03856073015698846
MS,50,Mato Grosso do Sul,soja,2014,temporaria,2158704,2157824,6339386,2938.0,6064054,0.07306763491044083
MT,51,Mato Grosso,soja,2014,temporaria,8628608,8613593,26495884,3076.0,23665314,0.3053910234747325
PA,15,Pará,soja,2014,temporaria,243171,242971,736947,3033.0,688146,0.008494036227537595
PB,25,Paraíba,soja,2014,temporaria,350,175,420,2400.0,1050,4.840911511364846e-06
PE,26,Pernambuco,soja,2014,temporaria,,,,,,
PI,22,Piauí,soja,2014,temporaria,626799,626799,1488646,2375.0,1430915,0.017158103708921985
PR,41,Paraná,soja,2014,temporaria,5011232,5011004,14913173,2976.0,15674239,0.17188893058732244
RJ,33,Rio de Janeiro,soja,2014,temporaria,,,,,,
RN,24,Rio Grande do Norte,soja,2014,temporaria,,,,,,
RO,11,Rondônia,soja,2014,temporaria,195180,191970,614678,3202.0,601575,0.007084766204720765
RR,14,Roraima,soja,2014,temporaria,16000,16000,33950,2122.0,30603,0.0003913070138353251
RS,43,Rio Grande do Sul,soja,2014,temporaria,4990042,4986542,13041720,2615.0,13870885,0.15031860113332654
SC,42,Santa Catarina,soja,2014,temporaria,560098,560098,1668235,2978.0,1761491,0.019228042893242227
SE,28,Sergipe,soja,2014,temporaria,,,,,,
SP,35,São Paulo,soja,2014,temporaria,693592,692589,1709229,2468.0,1708011,0.019700538908711013
TO,17,Tocantins,soja,2014,temporaria,719356,718374,2094100,2915.0,1951334,0.024136554276069346
AC,12,Acre,soja,2015,temporaria,,,,,,
AL,27,Alagoas,soja,2015,temporaria,278,278,550,1978.0,738,5.6430550572566935e-06
AM,13,Amazonas,soja,2015,temporaria,,,,,,
AP,16,Amapá,soja,2015,temporaria,11365,11125,29370,2640.0,23952,0.00030133914005750744
BA,29,Bahia,soja,2015,temporaria,1440135,1440113,4513633,3134.0,4452439,0.0463103264131831
CE,23,Ceará,soja,2015,temporaria,,,,,,
DF,53,Distrito Federal,soja,2015,temporaria,68862,68862,180832,2626.0,171790,0.001855354422025168
ES,32,Espírito Santo,soja,2015,temporaria,,,,,,
GO,52,Goiás,soja,2015,temporaria,3263118,3260025,8606210,2640.0,8114687,0.08830057611693297
MA,21,Maranhão,soja,2015,temporaria,761225,761225,2099507,2758.0,1949912,0.021541151989265143
MG,31,Minas Gerais,soja,2015,temporaria,1328641,1327581,3524055,2654.0,3503340,0.03615715707236498
MS,50,Mato Grosso do Sul,soja,2015,temporaria,2350927,2350817,7305608,3108.0,6589584,0.07495626940133629
MT,51,Mato Grosso,soja,2015,temporaria,8983683,8966679,27850954,3106.0,23876689,0.2857535760347701
PA,15,Pará,soja,2015,temporaria,337056,337056,1022677,3034.0,932225,0.010492768394163824
PB,25,Paraíba,soja,2015,temporaria,,,,,,
PE,26,Pernambuco,soja,2015,temporaria,,,,,,
PI,22,Piauí,soja,2015,temporaria,668618,666718,1772722,2659.0,1631254,0.01818830517674582
PR,41,Paraná,soja,2015,temporaria,5240402,5240402,17229378,3288.0,16496307,0.17677514301143132
RJ,33,Rio de Janeiro,soja,2015,temporaria,,,,,,
RN,24,Rio Grande do Norte,soja,2015,temporaria,,,,,,
RO,11,Rondônia,soja,2015,temporaria,233605,233605,748429,3204.0,609560,0.007678956460813764
RR,14,Roraima,soja,2015,temporaria,23820,23820,55795,2342.0,67288,0.0005724622853084313
RS,43,Rio Grande do Sul,soja,2015,temporaria,5263899,5262520,15700264,2983.0,15592941,0.16108628030084585
SC,42,Santa Catarina,soja,2015,temporaria,608641,608483,2000323,3287.0,1942543,0.020523514220539784
SE,28,Sergipe,soja,2015,temporaria,,,,,,
SP,35,São Paulo,soja,2015,temporaria,792081,791903,2406262,3039.0,2398440,0.024688488996699284
TO,17,Tocantins,soja,2015,temporaria,830031,830031,2418367,2914.0,2001281,0.02481268750845945
AC,12,Acre,soja,2016,temporaria,100,100,150,1500.0,195,1.5561002136836814e-06
AL,27,Alagoas,soja,2016,temporaria,343,343,1043,3041.0,1601,1.0820083485813865e-05
AM,13,Amazonas,soja,2016,temporaria,,,,,,
AP,16,Amapá,soja,2016,temporaria,15442,14860,42351,2850.0,37183,0.0004393493343314506
BA,29,Bahia,soja,2016,temporaria,1536678,1536678,3257119,2120.0,3492057,0.033789357145954525
CE,23,Ceará,soja,2016,temporaria,,,,,,
DF,53,Distrito Federal,soja,2016,temporaria,70875,70875,233888,3300.0,279730,0.0024263544451869922
ES,32,Espírito Santo,soja,2016,temporaria,,,,,,
GO,52,Goiás,soja,2016,temporaria,3322522,3310548,10239473,3093.0,10758388,0.1062243074887219
MA,21,Maranhão,soja,2016,temporaria,783654,783604,1242772,1586.0,1314891,0.01289251849840064
MG,31,Minas Gerais,soja,2016,temporaria,1472224,1458914,4747494,3254.0,5347630,0.049250509519079964
MS,50,Mato Grosso do Sul,soja,2016,temporaria,2448330,2413322,7389990,3062.0,7536521,0.07666376678746846
MT,51,Mato Grosso,soja,2016,temporaria,9147863,9102722,26277303,2887.0,27487121,0.27260077875553895
PA,15,Pará,soja,2016,temporaria,433813,433813,1304598,3007.0,1574981,0.013533901510475356
PB,25,Paraíba,soja,2016,temporaria,,,,,,
PE,26,Pernambuco,soja,2016,temporaria,,,,,,
PI,22,Piauí,soja,2016,temporaria,563084,561715,644263,1147.0,743437,0.0066835852797899305
PR,41,Paraná,soja,2016,temporaria,5454739,5450788,17122294,3141.0,19050167,0.17762670234769876
RJ,33,Rio de Janeiro,soja,2016,temporaria,,,,,,
RN,24,Rio Grande do Norte,soja,2016,temporaria,,,,,,
RO,11,Rondônia,soja,2016,temporaria,246171,246171,759928,3087.0,779838,0.007883494154561417
RR,14,Roraima,soja,2016,temporaria,24035,24035,67347,2802.0,87476,0.0006986578739396992
RS,43,Rio Grande do Sul,soja,2016,temporaria,5464084,5436653,16209892,2982.0,18838237,0.1681614426999293
SC,42,Santa Catarina,soja,2016,temporaria,660764,660761,2139611,3238.0,2597647,0.022196327561999702
SE,28,Sergipe,soja,2016,temporaria,,,,,,
SP,35,São Paulo,soja,2016,temporaria,848839,848782,2792796,3290.0,3165672,0.028972469682499537
TO,17,Tocantins,soja,2016,temporaria,845745,828435,1922508,2321.0,1924493,0.01994410073072391
AC,12,Acre,soja,2017,temporaria,127,127,261,2055.0,277,2.274864643156844e-06
AL,27,Alagoas,soja,2017,temporaria,445,445,1240,2787.0,1312,1.0807786044116807e-05
AM,13,Amazonas,soja,2017,temporaria,,,,,,
AP,16,Amapá,soja,2017,temporaria,19050,18900,54400,2878.0,48491,0.000474148032903189
BA,29,Bahia,soja,2017,temporaria,1583864,1583864,5143899,3248.0,5326260,0.04483399985850516
CE,23,Ceará,soja,2017,temporaria,,,,,,
DF,53,Distrito Federal,soja,2017,temporaria,70000,70000,241500,3450.0,249549,0.0021049034916566203
ES,32,Espírito Santo,soja,2017,temporaria,,,,,,
GO,52,Goiás,soja,2017,temporaria,3332208,3331608,11372539,3414.0,11646649,0.09912255507288235
MA,21,Maranhão,soja,2017,temporaria,817719,817719,2331688,2851.0,2322178,0.020322891149705348
MG,31,Minas Gerais,soja,2017,temporaria,1542788,1533592,5318554,3468.0,5718101,0.0463562852387755
MS,50,Mato Grosso do Sul,soja,2017,temporaria,2620857,2620622,9101890,3473.0,8190630,0.07933167719119866
MT,51,Mato Grosso,soja,2017,temporaria,9287302,9264356,30479870,3290.0,27793060,0.26566122065523756
PA,15,Pará,soja,2017,temporaria,500385,500385,1632115,3262.0,1568243,0.014225443322091696
PB,25,Paraíba,soja,2017,temporaria,,,,,,
PE,26,Pernambuco,soja,2017,temporaria,,,,,,
PI,22,Piauí,soja,2017,temporaria,694947,694947,2020195,2907.0,2199289,0.01760793171564077
PR,41,Paraná,soja,2017,temporaria,5237389,5236903,19181853,3663.0,19747940,0.16718819609169364
RJ,33,Rio de Janeiro,soja,2017,temporaria,,,,,,
RN,24,Rio Grande do Norte,soja,2017,temporaria,,,,,,
RO,11,Rondônia,soja,2017,temporaria,280103,280103,913454,3261.0,951525,0.007961625317050544
RR,14,Roraima,soja,2017,temporaria,18725,18725,45077,2407.0,55979,0.0003928891705731075
RS,43,Rio Grande do Sul,soja,2017,temporaria,5541860,5537028,18744186,3385.0,18189444,0.16337350956381422
SC,42,Santa Catarina,soja,2017,temporaria,667892,661855,2447350,3698.0,2550334,0.02133099610892683
SE,28,Sergipe,soja,2017,temporaria,,,,,,
SP,35,São Paulo,soja,2017,temporaria,946540,946540,3291823,3478.0,3462056,0.02869138603153445
TO,17,Tocantins,soja,2017,temporaria,842160,842160,2410207,2862.0,2283976,0.021007259337123094
AC,12,Acre,soja,2018,temporaria,480,480,1410,2938.0,1739,1.1958024788730962e-05
AL,27,Alagoas,soja,2018,temporaria,1066,1066,2475,2322.0,2733,2.0990149895112856e-05
AM,13,Amazonas,soja,2018,temporaria,,,,,,
AP,16,Amapá,soja,2018,temporaria,18800,18378,57239,3115.0,52537,0.0004854364403419656
BA,29,Bahia,soja,2018,temporaria,1603203,1603203,6310780,3936.0,7102383,0.053520896224274875
CE,23,Ceará,soja,2018,temporaria,80,80,190,2375.0,222,1.6113650424531082e-06
DF,53,Distrito Federal,soja,2018,temporaria,71500,71500,253110,3540.0,326512,0.002146592662606875
ES,32,Espírito Santo,soja,2018,temporaria,,,,,,
GO,52,Goiás,soja,2018,temporaria,3316568,3314668,11476946,3462.0,12197344,0.09733447146590542
MA,21,Maranhão,soja,2018,temporaria,926656,926656,2751206,2969.0,3152954,0.023332616699932873
MG,31,Minas Gerais,soja,2018,temporaria,1509510,1509510,5438116,3603.0,6007663,0.046119947469499614
MS,50,Mato Grosso do Sul,soja,2018,temporaria,2713062,2713062,9869382,3638.0,11121765,0.08370093234429443
MT,51,Mato Grosso,soja,2018,temporaria,9437888,9437849,31608562,3349.0,29976534,0.2680680623632195
PA,15,Pará,soja,2018,temporaria,557542,557532,1638469,2939.0,1744033,0.013895640367068956
PB,25,Paraíba,soja,2018,temporaria,,,,,,
PE,26,Pernambuco,soja,2018,temporaria,,,,,,
PI,22,Piauí,soja,2018,temporaria,711123,711123,2469650,3473.0,2842561,0.020944777247864834
PR,41,Paraná,soja,2018,temporaria,5377897,5377897,19035720,3540.0,21583200,0.161439440873292
RJ,33,Rio de Janeiro,soja,2018,temporaria,,,,,,
RN,24,Rio Grande do Norte,soja,2018,temporaria,,,,,,
RO,11,Rondônia,soja,2018,temporaria,300816,300816,1000311,3325.0,999713,0.008483506194638479
RR,14,Roraima,soja,2018,temporaria,37670,37670,105780,2808.0,132558,0.0008971062852141568
RS,43,Rio Grande do Sul,soja,2018,temporaria,5709084,5651100,17538725,3104.0,21316916,0.14874362291683363
SC,42,Santa Catarina,soja,2018,temporaria,673700,673700,2338046,3470.0,2753686,0.019828661010775368
SE,28,Sergipe,soja,2018,temporaria,,,,,,
SP,35,São Paulo,soja,2018,temporaria,973124,973064,3410297,3505.0,3967501,0.02892228089569846
TO,17,Tocantins,soja,2018,temporaria,898582,898582,2606036,2900.0,2613259,0.022101448998812254
AC,12,Acre,soja,2019,temporaria,1660,1590,5051,3177.0,6360,4.418422068022898e-05
AL,27,Alagoas,soja,2019,temporaria,3141,3141,10363,3299.0,14179,9.065156977018668e-05
AM,13,Amazonas,soja,2019,temporaria,2500,2500,7500,3000.0,9000,6.560713821059539e-05
AP,16,Amapá,soja,2019,temporaria,19476,18493,46862,2534.0,47984,0.0004099308947766562
BA,29,Bahia,soja,2019,temporaria,1585842,1585842,5329694,3361.0,5925745,0.046622129450424134
CE,23,Ceará,soja,2019,temporaria,,,,,,
DF,53,Distrito Federal,soja,2019,temporaria,75000,75000,261000,3480.0,279053,0.00228312840972872
ES,32,Espírito Santo,soja,2019,temporaria,,,,,,
GO,52,Goiás,soja,2019,temporaria,3402810,3400555,11080442,3258.0,12522524,0.09692747863046482
MA,21,Maranhão,soja,2019,temporaria,977598,977598,2850084,2915.0,3068163,0.02493144731997421
MG,31,Minas Gerais,soja,2019,temporaria,1627741,1620786,5189781,3202.0,6003347,0.045398223913296266
MS,50,Mato Grosso do Sul,soja,2019,temporaria,2882107,2881577,8698011,3018.0,9583715,0.07608688131123721
MT,51,Mato Grosso,soja,2019,temporaria,9724213,9724149,32242463,3316.0,32764470,0.28204476350546775
PA,15,Pará,soja,2019,temporaria,577764,577764,1781672,3084.0,1985588,0.015585386819993056
PB,25,Paraíba,soja,2019,temporaria,,,,,,
PE,26,Pernambuco,soja,2019,temporaria,,,,,,
PI,22,Piauí,soja,2019,temporaria,766044,765944,2325951,3037.0,2542666,0.020346531830409676
PR,41,Paraná,soja,2019,temporaria,5418814,5406477,16348364,3024.0,18983343,0.14300925019534963
RJ,33,Rio de Janeiro,soja,2019,temporaria,,,,,,
RN,24,Rio Grande do Norte,soja,2019,temporaria,,,,,,
RO,11,Rondônia,soja,2019,temporaria,344551,344551,1190195,3454.0,1217348,0.010411371715007944
RR,14,Roraima,soja,2019,temporaria,39930,39930,110090,2757.0,129785,0.0009630253127472597
RS,43,Rio Grande do Sul,soja,2019,temporaria,5843533,5818915,18498119,3179.0,20641606,0.16181448664920542
SC,42,Santa Catarina,soja,2019,temporaria,665548,665015,2270512,3414.0,2725018,0.019861572612375384
SE,28,Sergipe,soja,2019,temporaria,,,,,,
SP,35,São Paulo,soja,2019,temporaria,1080541,1080336,3455497,3199.0,4016746,0.030227369235373034
TO,17,Tocantins,soja,2019,temporaria,905281,905044,2615178,2890.0,2803522,0.022876579265507794
AC,12,Acre,soja,2020,temporaria,3280,3280,10380,3165.0,14485,8.52240895593848e-05
AL,27,Alagoas,soja,2020,temporaria,1224,1224,4640,3791.0,7315,3.809631749090034e-05
AM,13,Amazonas,soja,2020,temporaria,2700,2700,8000,2963.0,10000,6.568330601879368e-05
AP,16,Amapá,soja,2020,temporaria,20300,20050,47818,2385.0,44468,0.00039260554090083457
BA,29,Bahia,soja,2020,temporaria,1622475,1622475,6078010,3746.0,10295251,0.049902973851911024
CE,23,Ceará,soja,2020,temporaria,450,450,1350,3000.0,2295,1.1084057890671434e-05
DF,53,Distrito Federal,soja,2020,temporaria,74500,74500,290550,3900.0,414516,0.002385535570470063
ES,32,Espírito Santo,soja,2020,temporaria,,,,,,
GO,52,Goiás,soja,2020,temporaria,3577700,3577700,12849800,3592.0,16486647,0.10550216821003688
MA,21,Maranhão,soja,2020,temporaria,960900,960900,3056550,3181.0,5204529,0.02509553862646798
MG,31,Minas Gerais,soja,2020,temporaria,1695702,1695672,6218740,3667.0,8476006,0.05105842530891413
MS,50,Mato Grosso do Sul,soja,2020,temporaria,3121522,3121490,10939032,3504.0,14296253,0.08981397330067209
MT,51,Mato Grosso,soja,2020,temporaria,9989649,9989649,35070044,3511.0,43469342,0.2879395540180699
PA,15,Pará,soja,2020,temporaria,643267,643267,1990794,3095.0,2823606,0.016345241440297295
PB,25,Paraíba,soja,2020,temporaria,,,,,,
PE,26,Pernambuco,soja,2020,temporaria,,,,,,
PI,22,Piauí,soja,2020,temporaria,757978,757678,2447620,3230.0,3473000,0.020095971684714976
PR,41,Paraná,soja,2020,temporaria,5534843,5534843,20875792,3772.0,30916470,0.17139887929008563
RJ,33,Rio de Janeiro,soja,2020,temporaria,,,,,,
RN,24,Rio Grande do Norte,soja,2020,temporaria,,,,,,
RO,11,Rondônia,soja,2020,temporaria,392642,392642,1348724,3435.0,1676618,0.011073581403361437
RR,14,Roraima,soja,2020,temporaria,49800,49800,139550,2802.0,307483,0.0011457631693653323
RS,43,Rio Grande do Sul,soja,2020,temporaria,5995871,5982669,11283360,1886.0,16631069,0.092641048475027
SC,42,Santa Catarina,soja,2020,temporaria,664795,664795,2243989,3375.0,3095490,0.01842407702372585
SE,28,Sergipe,soja,2020,temporaria,,,,,,
SP,35,São Paulo,soja,2020,temporaria,1132965,1132955,3887567,3431.0,6802029,0.03191853161619546
TO,17,Tocantins,soja,2020,temporaria,962399,962399,3004239,3122.0,4646661,0.02466604369882434
AC,12,Acre,soja,2021,temporaria,6185,5985,20156,3368.0,51934,0.00014952613324150884
AL,27,Alagoas,soja,2021,temporaria,3312,3312,9391,2835.0,20546,6.966659641154045e-05
AM,13,Amazonas,soja,2021,temporaria,3000,3000,10000,3333.0,13000,7.418442808171703e-05
AP,16,Amapá,soja,2021,temporaria,6715,6700,17956,2680.0,17941,0.0001332055590635311
BA,29,Bahia,soja,2021,temporaria,1699965,1699965,6839555,4023.0,17515830,0.05073884760084481
CE,23,Ceará,soja,2021,temporaria,1414,1414,4528,3202.0,11750,3.359070903540147e-05
DF,53,Distrito Federal,soja,2021,temporaria,80000,80000,312000,3900.0,737412,0.002314554156149571
ES,32,Espírito Santo,soja,2021,temporaria,,,,,,
GO,52,Goiás,soja,2021,temporaria,3857007,3857007,13659826,3542.0,34127548,0.10133463795057683
MA,21,Maranhão,soja,2021,temporaria,1023541,1023541,3240985,3166.0,7867928,0.024043061864642366
MG,31,Minas Gerais,soja,2021,temporaria,1935260,1935060,6984227,3609.0,18100446,0.051812088558788626
MS,50,Mato Grosso do Sul,soja,2021,temporaria,3377042,3375260,12226648,3622.0,30024860,0.09070268892364693
MT,51,Mato Grosso,soja,2021,temporaria,10461712,10450212,35336979,3381.0,88100858,0.2621453577250645
PA,15,Pará,soja,2021,temporaria,753781,753781,2232499,2962.0,5601633,0.016561666150800517
PB,25,Paraíba,soja,2021,temporaria,,,,,,
PE,26,Pernambuco,soja,2021,temporaria,300,300,600,2000.0,1200,4.451065684903022e-06
PI,22,Piauí,soja,2021,temporaria,832063,832063,2713998,3262.0,7131695,0.020133638944492386
PR,41,Paraná,soja,2021,temporaria,5521183,5518476,19205802,3480.0,48390237,0.1424771437220697
RJ,33,Rio de Janeiro,soja,2021,temporaria,77,77,324,4208.0,846,2.403575469847632e-06
RN,24,Rio Grande do Norte,soja,2021,temporaria,,,,,,
RO,11,Rondônia,soja,2021,temporaria,400459,400459,1352087,3376.0,3360818,0.010030380081172453
RR,14,Roraima,soja,2021,temporaria,71178,71178,225398,3167.0,693180,0.0016721021720762855
RS,43,Rio Grande do Sul,soja,2021,temporaria,6107620,6107558,20420501,3343.0,54519007,0.15148831878271307
SC,42,Santa Catarina,soja,2021,temporaria,688980,688972,2323735,3373.0,5335478,0.017238495198846873
SE,28,Sergipe,soja,2021,temporaria,,,,,,
SP,35,São Paulo,soja,2021,temporaria,1199351,1199351,4184832,3489.0,10198570,0.0310449368538068
TO,17,Tocantins,soja,2021,temporaria,1113801,1112598,3477152,3125.0,9013076,0.02579505324731985
AC,12,Acre,soja,2022,temporaria,6570,6570,22667,3450.0,66396,0.00018688251917800745
AL,27,Alagoas,soja,2022,temporaria,3686,3416,11242,3291.0,20962,9.26868699254052e-05
AM,13,Amazonas,soja,2022,temporaria,5900,5900,13740,2329.0,34350,0.00011328211997643369
AP,16,Amapá,soja,2022,temporaria,6504,6500,18035,2775.0,19622,0.0001486930883387905
BA,29,Bahia,soja,2022,temporaria,1774655,1774655,6958197,3921.0,20784173,0.05736821742166383
CE,23,Ceará,soja,2022,temporaria,2220,2220,7740,3486.0,21982,6.381394531423557e-05
DF,53,Distrito Federal,soja,2022,temporaria,84200,84200,303120,3600.0,915926,0.0024991321839342487
ES,32,Espírito Santo,soja,2022,temporaria,80,80,200,2500.0,563,1.648939155406604e-06
GO,52,Goiás,soja,2022,temporaria,4121969,4121969,15216144,3691.0,42982575,0.12545247817952632
MA,21,Maranhão,soja,2022,temporaria,1099871,1099871,3537377,3216.0,10273368,0.029164597213673732
MG,31,Minas Gerais,soja,2022,temporaria,2022682,2022682,7639648,3777.0,22759132,0.06298657360361876
MS,50,Mato Grosso do Sul,soja,2022,temporaria,3694468,3653429,8538611,2337.0,24760151,0.07039825005342769
MT,51,Mato Grosso,soja,2022,temporaria,10925226,10924622,38025387,3481.0,105106390,0.3135077476189463
PA,15,Pará,soja,2022,temporaria,839560,839560,2574954,3067.0,7483979,0.021229712369854284
PB,25,Paraíba,soja,2022,temporaria,37,37,56,1514.0,140,4.617029635138491e-07
PE,26,Pernambuco,soja,2022,temporaria,,,,,,
PI,22,Piauí,soja,2022,temporaria,872906,872906,3077485,3526.0,8628872,0.025372927583382464
PR,41,Paraná,soja,2022,temporaria,5683194,5652609,13454457,2380.0,39146150,0.11092790481017235
RJ,33,Rio de Janeiro,soja,2022,temporaria,242,242,953,3938.0,2658,7.857195075512468e-06
RN,24,Rio Grande do Norte,soja,2022,temporaria,,,,,,
RO,11,Rondônia,soja,2022,temporaria,489526,489526,1750249,3575.0,4763543,0.014430270539056265
RR,14,Roraima,soja,2022,temporaria,102785,102785,346647,3373.0,1025095,0.002857999057021165
RS,43,Rio Grande do Sul,soja,2022,temporaria,6387670,6215638,9370339,1508.0,29192603,0.07725559438266781
SC,42,Santa Catarina,soja,2022,temporaria,754520,752930,2159405,2868.0,6396938,0.017803637284403987
SE,28,Sergipe,soja,2022,temporaria,,,,,,
SP,35,São Paulo,soja,2022,temporaria,1252070,1252070,4478064,3577.0,12392459,0.03692027535008359
TO,17,Tocantins,soja,2022,temporaria,1167122,1166489,3785386,3245.0,10495855,0.031209355968639916
AC,12,Acre,soja,2023,temporaria,12010,12010,45732,3808.0,99681,0.0003005831873830148
AL,27,Alagoas,soja,2023,temporaria,5796,5796,18289,3155.0,39840,0.00012020829865407062
AM,13,Amazonas,soja,2023,temporaria,8237,8237,23455,2848.0,38294,0.00015416292005747861
AP,16,Amapá,soja,2023,temporaria,7350,7350,19536,2658.0,23264,0.00012840446839662768
BA,29,Bahia,soja,2023,temporaria,1923627,1923627,7776560,4043.0,17039054,0.05111307600094589
CE,23,Ceará,soja,2023,temporaria,4944,4944,19113,3866.0,45776,0.00012562421194025106
DF,53,Distrito Federal,soja,2023,temporaria,85000,85000,306000,3600.0,604858,0.0020112493514213795
ES,32,Espírito Santo,soja,2023,temporaria,1000,1000,3780,3780.0,5597,2.4844844929322923e-05
GO,52,Goiás,soja,2023,temporaria,4560730,4560730,17405060,3816.0,38845072,0.11439841711258233
MA,21,Maranhão,soja,2023,temporaria,1190047,1190047,3821792,3211.0,7891914,0.025119531638128814
MG,31,Minas Gerais,soja,2023,temporaria,2214362,2214362,8459161,3820.0,21597044,0.055599614623591594
MS,50,Mato Grosso do Sul,soja,2023,temporaria,3884468,3884468,14193250,3654.0,33959597,0.09328812044791338
MT,51,Mato Grosso,soja,2023,temporaria,11981285,11981285,44425783,3708.0,98914301,0.2919978014546959
PA,15,Pará,soja,2023,temporaria,1007539,1007539,3156487,3133.0,6776976,0.02074667461281051
PB,25,Paraíba,soja,2023,temporaria,,,,,,
PE,26,Pernambuco,soja,2023,temporaria,100,100,400,4000.0,664,2.6290841195050714e-06
PI,22,Piauí,soja,2023,temporaria,945551,945551,3389142,3584.0,8103444,0.02227584852736914
PR,41,Paraná,soja,2023,temporaria,5762069,5760969,21553541,3741.0,51315618,0.14166518090550362
RJ,33,Rio de Janeiro,soja,2023,temporaria,756,756,2577,3409.0,6219,1.693787443991142e-05
RN,24,Rio Grande do Norte,soja,2023,temporaria,100,,,,,
RO,11,Rondônia,soja,2023,temporaria,589983,589263,2131535,3617.0,5003640,0.014009962046673105
RR,14,Roraima,soja,2023,temporaria,128197,128197,445076,3472.0,920596,0.0029253556089320976
RS,43,Rio Grande do Sul,soja,2023,temporaria,6642140,6638890,12693487,1912.0,28696801,0.08343061273211017
SC,42,Santa Catarina,soja,2023,temporaria,776923,775673,2951678,3805.0,7016732,0.019400524389231222
SE,28,Sergipe,soja,2023,temporaria,,,,,,
SP,35,São Paulo,soja,2023,temporaria,1360285,1360285,4962226,3648.0,11912646,0.03261527393498793
TO,17,Tocantins,soja,2023,temporaria,1331484,1331473,4340578,3260.0,9825827,0.028529361723182708
AC,12,Acre,soja,2024,temporaria,17578,17550,60554,3450.0,117790,0.0004191349117439783
AL,27,Alagoas,soja,2024,temporaria,5054,5054,17656,3493.0,35327,0.0001222090365913347
AM,13,Amazonas,soja,2024,temporaria,24472,24472,70057,2863.0,101583,0.00048491155847752234
AP,16,Amapá,soja,2024,temporaria,7500,7500,20300,2707.0,24721,0.0001405099367242917
BA,29,Bahia,soja,2024,temporaria,1969339,1969339,7668295,3894.0,14432772,0.0530774209474484
CE,23,Ceará,soja,2024,temporaria,3546,3546,11822,3334.0,25110,8.182800354456043e-05
DF,53,Distrito Federal,soja,2024,temporaria,85000,85000,290700,3420.0,576554,0.0020121299805788964
ES,32,Espírito Santo,soja,2024,temporaria,504,504,1509,2994.0,2951,1.0444802685564345e-05
GO,52,Goiás,soja,2024,temporaria,4942088,4940502,16973882,3436.0,30079916,0.11748763969387162
MA,21,Maranhão,soja,2024,temporaria,1302915,1302915,4073259,3126.0,8338428,0.02819376179072176
MG,31,Minas Gerais,soja,2024,temporaria,2274950,2273439,7740542,3405.0,13653404,0.05357749096707992
MS,50,Mato Grosso do Sul,soja,2024,temporaria,4043539,4039160,11303640,2799.0,19232215,0.07824008577114151
MT,51,Mato Grosso,soja,2024,temporaria,12383077,12351963,38396410,3109.0,63847218,0.26576734677536756
PA,15,Pará,soja,2024,temporaria,1194024,1192224,3751973,3147.0,7307684,0.02596992555769709
PB,25,Paraíba,soja,2024,temporaria,,,,,,
PE,26,Pernambuco,soja,2024,temporaria,,,,,,
PI,22,Piauí,soja,2024,temporaria,1080496,1080496,3811694,3528.0,7322801,0.026383294716865142
PR,41,Paraná,soja,2024,temporaria,5773424,5769082,18689393,3240.0,34549450,0.1293618437362276
RJ,33,Rio de Janeiro,soja,2024,temporaria,748,748,2289,3060.0,4179,1.5843706658221858e-05
RN,24,Rio Grande do Norte,soja,2024,temporaria,100,100,240,2400.0,600,1.6612012223561581e-06
RO,11,Rondônia,soja,2024,temporaria,643639,634079,2221610,3504.0,3727182,0.015377255198327769
RR,14,Roraima,soja,2024,temporaria,117215,117215,416650,3555.0,839864,0.0028839145387278887
RS,43,Rio Grande do Sul,soja,2024,temporaria,6708397,6502563,18247609,2806.0,36103542,0.12630395989948848
SC,42,Santa Catarina,soja,2024,temporaria,814633,811243,2733806,3370.0,5325337,0.018922507787019163
SE,28,Sergipe,soja,2024,temporaria,,,,,,
SP,35,São Paulo,soja,2024,temporaria,1388333,1355595,3626440,2675.0,7161317,0.025101027336671942
TO,17,Tocantins,soja,2024,temporaria,1428227,1422613,4343438,3053.0,7423563,0.030063852145117444
AC,12,Acre,tomate,2014,temporaria,,,,,,
AL,27,Alagoas,tomate,2014,temporaria,68,68,5032,74000.0,4445,0.001169477293385179
AM,13,Amazonas,tomate,2014,temporaria,42,42,601,14310.0,1785,0.00013967723635224414
AP,16,Amapá,tomate,2014,temporaria,,,,,,
BA,29,Bahia,tomate,2014,temporaria,6447,6447,288477,44746.0,353132,0.06704437622493567
CE,23,Ceará,tomate,2014,temporaria,2230,2230,113724,50997.0,176919,0.026430372756942783
DF,53,Distrito Federal,tomate,2014,temporaria,1011,1011,68435,67690.0,104158,0.015904844708428997
ES,32,Espírito Santo,tomate,2014,temporaria,2610,2605,188420,72330.0,246977,0.04379032424873518
GO,52,Goiás,tomate,2014,temporaria,11755,11720,1055337,90046.0,454864,0.24526881128164438
MA,21,Maranhão,tomate,2014,temporaria,210,210,4199,19995.0,5880,0.0009758813900883081
MG,31,Minas Gerais,tomate,2014,temporaria,9311,9293,674962,72631.0,795253,0.15686660033741
MS,50,Mato Grosso do Sul,tomate,2014,temporaria,70,69,2791,40449.0,4599,0.0006486508596657461
MT,51,Mato Grosso,tomate,2014,temporaria,232,232,9426,40629.0,22727,0.0021906782526726343
PA,15,Pará,tomate,2014,temporaria,347,347,8700,25072.0,17800,0.002021950010423501
PB,25,Paraíba,tomate,2014,temporaria,414,403,14155,35124.0,12528,0.0032897359077637537
PE,26,Pernambuco,tomate,2014,temporaria,3746,3731,128881,34543.0,124113,0.029952981527976003
PI,22,Piauí,tomate,2014,temporaria,161,161,3320,20621.0,6104,0.0007715947166213819
PR,41,Paraná,tomate,2014,temporaria,4396,4396,253362,57635.0,385404,0.0588833676483815
RJ,33,Rio de Janeiro,tomate,2014,temporaria,2718,2714,207424,76427.0,337868,0.048207006777251066
RN,24,Rio Grande do Norte,tomate,2014,temporaria,233,230,6606,28722.0,7202,0.00153528755963881
RO,11,Rondônia,tomate,2014,temporaria,268,267,4986,18674.0,12032,0.0011587865232151235
RR,14,Roraima,tomate,2014,temporaria,304,296,3779,12767.0,7123,0.0008782700102747598
RS,43,Rio Grande do Sul,tomate,2014,temporaria,2373,2373,117176,49379.0,194013,0.02723264533579128
SC,42,Santa Catarina,tomate,2014,temporaria,2735,2735,184482,67452.0,237938,0.042875101358959576
SE,28,Sergipe,tomate,2014,temporaria,98,98,1633,16663.0,2387,0.00037952234103696286
SP,35,São Paulo,tomate,2014,temporaria,12692,12685,956869,75433.0,1667072,0.22238405569240516
TO,17,Tocantins,tomate,2014,temporaria,,,,,,
AC,12,Acre,tomate,2015,temporaria,,,,,,
AL,27,Alagoas,tomate,2015,temporaria,72,72,5380,74722.0,4777,0.0012847058632495083
AM,13,Amazonas,tomate,2015,temporaria,20,20,249,12450.0,987,5.945943493478207e-05
AP,16,Amapá,tomate,2015,temporaria,,,,,,
BA,29,Bahia,tomate,2015,temporaria,7103,7103,323660,45567.0,402108,0.0772877136987613
CE,23,Ceará,tomate,2015,temporaria,2198,2198,95128,43279.0,126159,0.0227158920742006
DF,53,Distrito Federal,tomate,2015,temporaria,529,529,36691,69359.0,72487,0.008761550711614816
ES,32,Espírito Santo,tomate,2015,temporaria,2508,2503,144834,57864.0,227821,0.034585332527486856
GO,52,Goiás,tomate,2015,temporaria,10664,10653,912976,85701.0,331163,0.2180121970643277
MA,21,Maranhão,tomate,2015,temporaria,217,217,4330,19954.0,8166,0.001033973306295608
MG,31,Minas Gerais,tomate,2015,temporaria,9773,9758,715890,73364.0,787833,0.17094945733116923
MS,50,Mato Grosso do Sul,tomate,2015,temporaria,70,69,2420,35072.0,5077,0.000577878845550894
MT,51,Mato Grosso,tomate,2015,temporaria,232,227,9268,40828.0,25446,0.0022131327027130935
PA,15,Pará,tomate,2015,temporaria,360,360,9315,25875.0,18218,0.0022243559695481726
PB,25,Paraíba,tomate,2015,temporaria,439,439,13045,29715.0,12493,0.0031150535290129806
PE,26,Pernambuco,tomate,2015,temporaria,2527,2527,93718,37087.0,89162,0.02237919406914822
PI,22,Piauí,tomate,2015,temporaria,141,141,3120,22128.0,6625,0.0007450338835201609
PR,41,Paraná,tomate,2015,temporaria,3746,3746,230319,61484.0,403310,0.05499854455720511
RJ,33,Rio de Janeiro,tomate,2015,temporaria,2532,2529,185889,73503.0,311937,0.04438897550438436
RN,24,Rio Grande do Norte,tomate,2015,temporaria,132,123,3828,31122.0,4519,0.0009140992647805052
RO,11,Rondônia,tomate,2015,temporaria,155,154,2542,16506.0,5577,0.0006070115807398234
RR,14,Roraima,tomate,2015,temporaria,250,250,4067,16268.0,11074,0.0009711707706014406
RS,43,Rio Grande do Sul,tomate,2015,temporaria,2269,2269,111363,49080.0,222534,0.026592694990530668
SC,42,Santa Catarina,tomate,2015,temporaria,2646,2644,180486,68262.0,251120,0.043098777404173
SE,28,Sergipe,tomate,2015,temporaria,76,76,1274,16763.0,2272,0.0003042221691040657
SP,35,São Paulo,tomate,2015,temporaria,14967,14965,1097937,73367.0,1562100,0.2621795727469471
TO,17,Tocantins,tomate,2015,temporaria,,,,,,
AC,12,Acre,tomate,2016,temporaria,,,,,,
AL,27,Alagoas,tomate,2016,temporaria,111,111,6168,55568.0,3913,0.0014802765390808125
AM,13,Amazonas,tomate,2016,temporaria,18,13,162,12462.0,592,3.887885851671395e-05
AP,16,Amapá,tomate,2016,temporaria,,,,,,
BA,29,Bahia,tomate,2016,temporaria,7096,7096,335044,47216.0,381825,0.08040819921527104
CE,23,Ceará,tomate,2016,temporaria,2532,2532,122846,48517.0,198834,0.029482174403359516
DF,53,Distrito Federal,tomate,2016,temporaria,413,413,31553,76400.0,46162,0.007572497671468365
ES,32,Espírito Santo,tomate,2016,temporaria,2527,2510,152024,60567.0,301188,0.03648468880953655
GO,52,Goiás,tomate,2016,temporaria,11457,11452,934658,81615.0,424390,0.22431133421922733
MA,21,Maranhão,tomate,2016,temporaria,189,189,3671,19423.0,6450,0.0008810141334250427
MG,31,Minas Gerais,tomate,2016,temporaria,10304,10303,702510,68185.0,1011877,0.1685974499788686
MS,50,Mato Grosso do Sul,tomate,2016,temporaria,77,77,2705,35130.0,5381,0.0006491809400476002
MT,51,Mato Grosso,tomate,2016,temporaria,243,243,9637,39658.0,26124,0.0023128120958368662
PA,15,Pará,tomate,2016,temporaria,254,254,6580,25906.0,18141,0.0015791536360492456
PB,25,Paraíba,tomate,2016,temporaria,331,287,8955,31202.0,9948,0.0021491369013405767
PE,26,Pernambuco,tomate,2016,temporaria,1761,1602,53331,33290.0,44422,0.012799064219474516
PI,22,Piauí,tomate,2016,temporaria,132,132,2498,18924.0,5678,0.0005995023986095768
PR,41,Paraná,tomate,2016,temporaria,3841,3836,217430,56681.0,537834,0.052181667946229096
RJ,33,Rio de Janeiro,tomate,2016,temporaria,2444,2444,179205,73324.0,313630,0.043007937286961256
RN,24,Rio Grande do Norte,tomate,2016,temporaria,161,148,4696,31730.0,3487,0.0011270069110770908
RO,11,Rondônia,tomate,2016,temporaria,184,180,2766,15367.0,6273,0.0006638205102298196
RR,14,Roraima,tomate,2016,temporaria,246,246,4019,16337.0,11750,0.0009645316813498355
RS,43,Rio Grande do Sul,tomate,2016,temporaria,2324,2317,112363,48495.0,271597,0.026966328268602034
SC,42,Santa Catarina,tomate,2016,temporaria,2794,2769,172275,62216.0,277183,0.041344786117079604
SE,28,Sergipe,tomate,2016,temporaria,22,22,357,16227.0,734,8.567748450905481e-05
SP,35,São Paulo,tomate,2016,temporaria,14835,14819,1101336,74319.0,1568438,0.2643128797738498
TO,17,Tocantins,tomate,2016,temporaria,,,,,,
AC,12,Acre,tomate,2017,temporaria,,,,,,
AL,27,Alagoas,tomate,2017,temporaria,106,105,6641,63248.0,6361,0.0015716803134556757
AM,13,Amazonas,tomate,2017,temporaria,6,6,55,9167.0,73,1.3016476018681246e-05
AP,16,Amapá,tomate,2017,temporaria,,,,,,
BA,29,Bahia,tomate,2017,temporaria,5057,5056,286936,56752.0,316219,0.06790719205266041
CE,23,Ceará,tomate,2017,temporaria,2575,2575,120397,46756.0,247329,0.028493539331293928
DF,53,Distrito Federal,tomate,2017,temporaria,328,328,26200,79878.0,47160,0.006200575848899066
ES,32,Espírito Santo,tomate,2017,temporaria,2532,2532,164781,65079.0,236690,0.03899759881516936
GO,52,Goiás,tomate,2017,temporaria,16307,16307,1298088,79603.0,451280,0.3072096604025073
MA,21,Maranhão,tomate,2017,temporaria,197,197,4005,20330.0,7822,0.0009478361173603344
MG,31,Minas Gerais,tomate,2017,temporaria,7556,7556,572273,75738.0,554111,0.1354359596479777
MS,50,Mato Grosso do Sul,tomate,2017,temporaria,67,66,2720,41212.0,5182,0.0006437239049238725
MT,51,Mato Grosso,tomate,2017,temporaria,227,227,5498,24220.0,14767,0.0013011742754674453
PA,15,Pará,tomate,2017,temporaria,242,242,6240,25785.0,16691,0.0014767783701194724
PB,25,Paraíba,tomate,2017,temporaria,405,380,10536,27726.0,15100,0.0024934834787786477
PE,26,Pernambuco,tomate,2017,temporaria,1503,1501,60430,40260.0,63790,0.014301557196525596
PI,22,Piauí,tomate,2017,temporaria,141,141,3150,22340.0,6800,0.000745489081069926
PR,41,Paraná,tomate,2017,temporaria,4194,4154,251607,60570.0,460087,0.05954611784786059
RJ,33,Rio de Janeiro,tomate,2017,temporaria,2550,2550,175751,68922.0,296119,0.04159379412289541
RN,24,Rio Grande do Norte,tomate,2017,temporaria,138,137,3768,27504.0,3827,0.0008917469388798352
RO,11,Rondônia,tomate,2017,temporaria,139,138,4868,35275.0,10602,0.00115207645925346
RR,14,Roraima,tomate,2017,temporaria,122,121,1768,14612.0,6003,0.00041842053820051716
RS,43,Rio Grande do Sul,tomate,2017,temporaria,2283,2277,116742,51270.0,158210,0.027628535334052472
SC,42,Santa Catarina,tomate,2017,temporaria,2709,2699,173167,64160.0,135566,0.04098225641321773
SE,28,Sergipe,tomate,2017,temporaria,,,,,,
SP,35,São Paulo,tomate,2017,temporaria,12125,12108,929793,76792.0,1294679,0.22004778703341257
TO,17,Tocantins,tomate,2017,temporaria,,,,,,
AC,12,Acre,tomate,2018,temporaria,,,,,,
AL,27,Alagoas,tomate,2018,temporaria,124,124,7543,60831.0,14569,0.0018277252078271126
AM,13,Amazonas,tomate,2018,temporaria,22,22,200,9091.0,632,4.84614929822912e-05
AP,16,Amapá,tomate,2018,temporaria,,,,,,
BA,29,Bahia,tomate,2018,temporaria,4643,4643,260918,56196.0,337191,0.06322237912976728
CE,23,Ceará,tomate,2018,temporaria,2398,2398,134932,56269.0,258748,0.03269503085543258
DF,53,Distrito Federal,tomate,2018,temporaria,350,350,28000,80000.0,105000,0.006784609017520768
ES,32,Espírito Santo,tomate,2018,temporaria,2629,2629,173145,65860.0,292109,0.04195432601209405
GO,52,Goiás,tomate,2018,temporaria,14682,14682,1329790,90573.0,615002,0.32221804376460506
MA,21,Maranhão,tomate,2018,temporaria,220,220,4730,21500.0,6631,0.0011461143090311869
MG,31,Minas Gerais,tomate,2018,temporaria,7320,7320,539583,73714.0,592782,0.13074498883931818
MS,50,Mato Grosso do Sul,tomate,2018,temporaria,71,71,2425,34155.0,3537,0.0005875956024102808
MT,51,Mato Grosso,tomate,2018,temporaria,184,184,3931,21364.0,10315,0.0009525106445669335
PA,15,Pará,tomate,2018,temporaria,238,233,6197,26597.0,13476,0.0015015793600562928
PB,25,Paraíba,tomate,2018,temporaria,609,605,17898,29583.0,22830,0.004336819006985239
PE,26,Pernambuco,tomate,2018,temporaria,1287,1287,61478,47768.0,86073,0.014896578327826492
PI,22,Piauí,tomate,2018,temporaria,176,176,5136,29182.0,8800,0.001244491139785238
PR,41,Paraná,tomate,2018,temporaria,3996,3994,237133,59372.0,604392,0.0574590960768483
RJ,33,Rio de Janeiro,tomate,2018,temporaria,2325,2325,154272,66354.0,310743,0.03738125722682014
RN,24,Rio Grande do Norte,tomate,2018,temporaria,180,180,5274,29300.0,5823,0.001277929569943019
RO,11,Rondônia,tomate,2018,temporaria,206,201,6289,31289.0,12961,0.0015238716468281468
RR,14,Roraima,tomate,2018,temporaria,118,118,1837,15568.0,3441,0.0004451188130423447
RS,43,Rio Grande do Sul,tomate,2018,temporaria,1960,1954,98574,50447.0,181761,0.023885216046181865
SC,42,Santa Catarina,tomate,2018,temporaria,2555,2555,175710,68771.0,203941,0.04257584465959194
SE,28,Sergipe,tomate,2018,temporaria,52,42,1395,33214.0,1289,0.00033801891355148114
SP,35,São Paulo,tomate,2018,temporaria,11075,11075,870598,78609.0,1226658,0.2109523943369838
TO,17,Tocantins,tomate,2018,temporaria,,,,,,
AC,12,Acre,tomate,2019,temporaria,,,,,,
AL,27,Alagoas,tomate,2019,temporaria,158,158,8720,55190.0,20136,0.002223924170306685
AM,13,Amazonas,tomate,2019,temporaria,31,30,264,8800.0,595,6.732981433038587e-05
AP,16,Amapá,tomate,2019,temporaria,,,,,,
BA,29,Bahia,tomate,2019,temporaria,4715,4415,235836,53417.0,486040,0.060146947319776066
CE,23,Ceará,tomate,2019,temporaria,2436,2436,157060,64475.0,407073,0.04005613878306971
DF,53,Distrito Federal,tomate,2019,temporaria,350,350,28000,80000.0,63000,0.007141040913828804
ES,32,Espírito Santo,tomate,2019,temporaria,2583,2583,163943,63470.0,362187,0.04181155966199413
GO,52,Goiás,tomate,2019,temporaria,12313,12313,1126095,91456.0,750991,0.2871960881377874
MA,21,Maranhão,tomate,2019,temporaria,222,222,4533,20419.0,8242,0.0011560835165137847
MG,31,Minas Gerais,tomate,2019,temporaria,7041,7039,526309,74770.0,559739,0.1342283607970116
MS,50,Mato Grosso do Sul,tomate,2019,temporaria,47,47,1582,33660.0,3325,0.00040346881163132745
MT,51,Mato Grosso,tomate,2019,temporaria,169,169,3625,21450.0,10855,0.0009245097611653363
PA,15,Pará,tomate,2019,temporaria,208,208,5610,26971.0,13097,0.0014307585545206996
PB,25,Paraíba,tomate,2019,temporaria,487,479,13707,28616.0,15172,0.0034957945644946936
PE,26,Pernambuco,tomate,2019,temporaria,1577,1541,64406,41795.0,103049,0.016425924324859214
PI,22,Piauí,tomate,2019,temporaria,157,157,4511,28732.0,8789,0.0011504726986529192
PR,41,Paraná,tomate,2019,temporaria,3800,3800,230611,60687.0,589392,0.058814378077820514
RJ,33,Rio de Janeiro,tomate,2019,temporaria,2132,2132,141195,66227.0,291383,0.03600997399385922
RN,24,Rio Grande do Norte,tomate,2019,temporaria,245,245,7117,29049.0,13049,0.0018150995779899857
RO,11,Rondônia,tomate,2019,temporaria,240,240,7437,30988.0,18242,0.0018967114741480291
RR,14,Roraima,tomate,2019,temporaria,130,130,2230,17154.0,5617,0.0005687329013513655
RS,43,Rio Grande do Sul,tomate,2019,temporaria,2120,2120,104141,49123.0,220039,0.026559826493108767
SC,42,Santa Catarina,tomate,2019,temporaria,2468,2462,161948,65779.0,300469,0.04130276049688383
SE,28,Sergipe,tomate,2019,temporaria,120,120,3620,30167.0,3515,0.0009232345752878668
SP,35,São Paulo,tomate,2019,temporaria,11221,11195,918497,82045.0,1413006,0.2342508805796077
TO,17,Tocantins,tomate,2019,temporaria,,,,,,
AC,12,Acre,tomate,2020,temporaria,,,,,,
AL,27,Alagoas,tomate,2020,temporaria,139,139,7799,56108.0,20463,0.0020758153011462633
AM,13,Amazonas,tomate,2020,temporaria,34,34,300,8824.0,616,7.98492871321809e-05
AP,16,Amapá,tomate,2020,temporaria,,,,,,
BA,29,Bahia,tomate,2020,temporaria,4223,4223,228267,54053.0,513184,0.06075652408600513
CE,23,Ceará,tomate,2020,temporaria,2500,2498,177575,71087.0,502827,0.047264123874990085
DF,53,Distrito Federal,tomate,2020,temporaria,350,350,28000,80000.0,98000,0.007452600132336886
ES,32,Espírito Santo,tomate,2020,temporaria,2618,2618,151590,57903.0,334909,0.04034784478789102
GO,52,Goiás,tomate,2020,temporaria,11369,11368,1098311,96614.0,773896,0.29233116799810915
MA,21,Maranhão,tomate,2020,temporaria,184,184,3703,20125.0,6986,0.000985606367501553
MG,31,Minas Gerais,tomate,2020,temporaria,6921,6871,513906,74793.0,592816,0.13678342584316855
MS,50,Mato Grosso do Sul,tomate,2020,temporaria,47,47,2041,43426.0,4415,0.0005432413167892708
MT,51,Mato Grosso,tomate,2020,temporaria,177,177,3676,20768.0,7867,0.0009784199316596569
PA,15,Pará,tomate,2020,temporaria,210,210,5679,27043.0,12541,0.0015115470054121846
PB,25,Paraíba,tomate,2020,temporaria,454,454,13419,29557.0,18204,0.0035716586134224523
PE,26,Pernambuco,tomate,2020,temporaria,1526,1442,57393,39801.0,90961,0.01527596712125753
PI,22,Piauí,tomate,2020,temporaria,158,158,5319,33665.0,10849,0.0014157278608535676
PR,41,Paraná,tomate,2020,temporaria,3642,3642,225004,61780.0,511532,0.05988803000629745
RJ,33,Rio de Janeiro,tomate,2020,temporaria,2278,2268,155890,68735.0,327440,0.04149235123678561
RN,24,Rio Grande do Norte,tomate,2020,temporaria,203,197,6157,31254.0,11709,0.0016387735362427928
RO,11,Rondônia,tomate,2020,temporaria,162,160,5324,33275.0,14175,0.0014170586823057706
RR,14,Roraima,tomate,2020,temporaria,120,120,2285,19042.0,5741,0.0006081854036567779
RS,43,Rio Grande do Sul,tomate,2020,temporaria,2092,2090,89934,43031.0,179489,0.023937219296485193
SC,42,Santa Catarina,tomate,2020,temporaria,2518,2518,168975,67107.0,298060,0.0449751109772009
SE,28,Sergipe,tomate,2020,temporaria,148,148,5060,34189.0,6231,0.0013467913096294514
SP,35,São Paulo,tomate,2020,temporaria,10090,10090,801471,79432.0,1735993,0.21332296002372056
TO,17,Tocantins,tomate,2020,temporaria,,,,,,
AC,12,Acre,tomate,2021,temporaria,,,,,,
AL,27,Alagoas,tomate,2021,temporaria,147,147,8990,61156.0,30468,0.002443428780166425
AM,13,Amazonas,tomate,2021,temporaria,34,33,281,8515.0,671,7.63741365102075e-05
AP,16,Amapá,tomate,2021,temporaria,,,,,,
BA,29,Bahia,tomate,2021,temporaria,4784,4784,261404,54641.0,741082,0.07104805971642093
CE,23,Ceará,tomate,2021,temporaria,2332,2332,166889,71565.0,485879,0.04535944223506057
DF,53,Distrito Federal,tomate,2021,temporaria,350,350,28000,80000.0,151200,0.00761023424301
ES,32,Espírito Santo,tomate,2021,temporaria,2503,2503,147537,58944.0,358825,0.040099683196820224
GO,52,Goiás,tomate,2021,temporaria,10690,10677,1026055,96100.0,723801,0.2788756748647009
MA,21,Maranhão,tomate,2021,temporaria,170,170,3288,19341.0,6799,0.0008936589353934599
MG,31,Minas Gerais,tomate,2021,temporaria,7336,7336,553429,75440.0,696721,0.15041872595981362
MS,50,Mato Grosso do Sul,tomate,2021,temporaria,41,40,1350,33750.0,3852,0.000366922008145125
MT,51,Mato Grosso,tomate,2021,temporaria,183,183,3682,20120.0,10145,0.001000745802955815
PA,15,Pará,tomate,2021,temporaria,212,212,5748,27113.0,15542,0.00156227237245791
PB,25,Paraíba,tomate,2021,temporaria,595,575,17298,30083.0,30215,0.004701493997699535
PE,26,Pernambuco,tomate,2021,temporaria,1464,1373,67128,48891.0,135397,0.01824499300945626
PI,22,Piauí,tomate,2021,temporaria,186,186,4095,22016.0,9148,0.0011129967580402124
PR,41,Paraná,tomate,2021,temporaria,3603,3593,211165,58771.0,570062,0.05739339692590024
RJ,33,Rio de Janeiro,tomate,2021,temporaria,2310,2310,156917,67929.0,382554,0.04264911166822858
RN,24,Rio Grande do Norte,tomate,2021,temporaria,171,171,5115,29912.0,10617,0.0013902267197498624
RO,11,Rondônia,tomate,2021,temporaria,157,157,4485,28567.0,15992,0.0012189964492821375
RR,14,Roraima,tomate,2021,temporaria,162,162,3222,19889.0,7069,0.0008757205261063649
RS,43,Rio Grande do Sul,tomate,2021,temporaria,2041,2041,94967,46530.0,192001,0.02581146840556895
SC,42,Santa Catarina,tomate,2021,temporaria,2507,2507,158286,63138.0,288622,0.04302119776389574
SE,28,Sergipe,tomate,2021,temporaria,251,251,7530,30000.0,15631,0.002046609423209475
SP,35,São Paulo,tomate,2021,temporaria,9818,9815,742395,75639.0,1596861,0.20177856610140746
TO,17,Tocantins,tomate,2021,temporaria,,,,,,
AC,12,Acre,tomate,2022,temporaria,,,,,,
AL,27,Alagoas,tomate,2022,temporaria,219,213,9501,44606.0,26749,0.0024879647552728825
AM,13,Amazonas,tomate,2022,temporaria,24,24,200,8333.0,441,5.237269245917025e-05
AP,16,Amapá,tomate,2022,temporaria,,,,,,
BA,29,Bahia,tomate,2022,temporaria,5042,5042,274490,54441.0,945872,0.07187890176558821
CE,23,Ceará,tomate,2022,temporaria,2335,2335,170059,72830.0,598208,0.04453223853457017
DF,53,Distrito Federal,tomate,2022,temporaria,350,350,28000,80000.0,100800,0.007332176944283834
ES,32,Espírito Santo,tomate,2022,temporaria,2364,2364,151636,64144.0,558890,0.0397079279686937
GO,52,Goiás,tomate,2022,temporaria,11634,11624,993452,85466.0,937006,0.260148780344738
MA,21,Maranhão,tomate,2022,temporaria,154,154,3125,20292.0,6102,0.0008183233196745351
MG,31,Minas Gerais,tomate,2022,temporaria,7720,7720,578116,74885.0,964824,0.15138745736862833
MS,50,Mato Grosso do Sul,tomate,2022,temporaria,51,49,1537,31367.0,5075,0.00040248414154872336
MT,51,Mato Grosso,tomate,2022,temporaria,176,176,3573,20301.0,11063,0.0009356381507830765
PA,15,Pará,tomate,2022,temporaria,167,167,4018,24060.0,13583,0.0010521673915047302
PB,25,Paraíba,tomate,2022,temporaria,660,625,18897,30235.0,39193,0.004948433847004701
PE,26,Pernambuco,tomate,2022,temporaria,1494,1460,67154,45996.0,178811,0.017585178947015594
PI,22,Piauí,tomate,2022,temporaria,175,175,4343,24817.0,9797,0.001137273016750882
PR,41,Paraná,tomate,2022,temporaria,3403,3403,214465,63022.0,749235,0.05616054744127974
RJ,33,Rio de Janeiro,tomate,2022,temporaria,2179,2179,144818,66461.0,456196,0.03792254288276058
RN,24,Rio Grande do Norte,tomate,2022,temporaria,194,194,6090,31392.0,18503,0.0015947484853817342
RO,11,Rondônia,tomate,2022,temporaria,212,212,6791,32033.0,22412,0.0017783147724511259
RR,14,Roraima,tomate,2022,temporaria,150,150,3135,20900.0,8040,0.0008209419542974936
RS,43,Rio Grande do Sul,tomate,2022,temporaria,1969,1964,90675,46169.0,289686,0.02374446944367631
SC,42,Santa Catarina,tomate,2022,temporaria,2056,1976,118700,60071.0,298978,0.031083192974517542
SE,28,Sergipe,tomate,2022,temporaria,260,260,8660,33308.0,15588,0.002267737583482072
SP,35,São Paulo,tomate,2022,temporaria,11525,11525,917349,79596.0,2408371,0.24022018527363684
TO,17,Tocantins,tomate,2022,temporaria,,,,,,
AC,12,Acre,tomate,2023,temporaria,,,,,,
AL,27,Alagoas,tomate,2023,temporaria,193,190,8523,44858.0,34607,0.0020458389872148866
AM,13,Amazonas,tomate,2023,temporaria,4,4,26,6500.0,136,6.240973092524586e-06
AP,16,Amapá,tomate,2023,temporaria,,,,,,
BA,29,Bahia,tomate,2023,temporaria,6227,6126,343195,56023.0,935896,0.08237964463419137
CE,23,Ceará,tomate,2023,temporaria,2550,2550,184799,72470.0,718985,0.04435867640482504
DF,53,Distrito Federal,tomate,2023,temporaria,350,350,28000,80000.0,72800,0.006721047945795708
ES,32,Espírito Santo,tomate,2023,temporaria,2352,2352,151594,64453.0,602472,0.036388233653391236
GO,52,Goiás,tomate,2023,temporaria,14489,14489,1242457,85752.0,1788772,0.2982361809853392
MA,21,Maranhão,tomate,2023,temporaria,168,168,3772,22452.0,12545,0.0009054211732693362
MG,31,Minas Gerais,tomate,2023,temporaria,7485,7485,561786,75055.0,1086677,0.13484966575988527
MS,50,Mato Grosso do Sul,tomate,2023,temporaria,52,51,1729,33902.0,6475,0.000415024710652885
MT,51,Mato Grosso,tomate,2023,temporaria,171,171,3511,20532.0,10643,0.0008427714049174547
PA,15,Pará,tomate,2023,temporaria,158,158,3788,23975.0,18267,0.0009092617720955051
PB,25,Paraíba,tomate,2023,temporaria,901,861,25638,29777.0,60349,0.006154079544082513
PE,26,Pernambuco,tomate,2023,temporaria,2348,2211,120357,54436.0,386286,0.028890184557576217
PI,22,Piauí,tomate,2023,temporaria,204,204,6598,32343.0,18798,0.0015837669409414317
PR,41,Paraná,tomate,2023,temporaria,3612,3612,228912,63375.0,835381,0.05494744740599954
RJ,33,Rio de Janeiro,tomate,2023,temporaria,1958,1953,128118,65601.0,506100,0.030753115025694805
RN,24,Rio Grande do Norte,tomate,2023,temporaria,212,202,6082,30109.0,21044,0.001459907628797482
RO,11,Rondônia,tomate,2023,temporaria,177,174,5919,34017.0,27960,0.0014207815282558857
RR,14,Roraima,tomate,2023,temporaria,131,131,2630,20076.0,7184,0.0006312984320515255
RS,43,Rio Grande do Sul,tomate,2023,temporaria,1943,1940,100112,51604.0,335827,0.024030626855339285
SC,42,Santa Catarina,tomate,2023,temporaria,1993,1993,135597,68037.0,546805,0.032548354939502165
SE,28,Sergipe,tomate,2023,temporaria,160,160,5460,34125.0,10140,0.0013106043494301631
SP,35,São Paulo,tomate,2023,temporaria,11475,11475,867414,75592.0,2548337,0.20821182438765853
TO,17,Tocantins,tomate,2023,temporaria,,,,,,
AC,12,Acre,tomate,2024,temporaria,,,,,,
AL,27,Alagoas,tomate,2024,temporaria,194,194,10984,56619.0,35250,0.002492114581003026
AM,13,Amazonas,tomate,2024,temporaria,44,44,653,14841.0,2890,0.0001481564841036941
AP,16,Amapá,tomate,2024,temporaria,,,,,,
BA,29,Bahia,tomate,2024,temporaria,6145,6080,336279,55309.0,863819,0.0762969591392131
CE,23,Ceará,tomate,2024,temporaria,2734,2734,197078,72084.0,551837,0.044714216805800656
DF,53,Distrito Federal,tomate,2024,temporaria,350,350,28000,80000.0,89600,0.006352804831398828
ES,32,Espírito Santo,tomate,2024,temporaria,2457,2457,159881,65072.0,458026,0.036274742473174144
GO,52,Goiás,tomate,2024,temporaria,16098,15668,1463461,93404.0,1342182,0.33203864683442
MA,21,Maranhão,tomate,2024,temporaria,160,160,3775,23594.0,13643,0.0008564942228046635
MG,31,Minas Gerais,tomate,2024,temporaria,7622,7622,592947,77794.0,1273243,0.13453130594155147
MS,50,Mato Grosso do Sul,tomate,2024,temporaria,53,50,1683,33660.0,6703,0.00038184894754443675
MT,51,Mato Grosso,tomate,2024,temporaria,155,155,3137,20239.0,10020,0.0007117410270035045
PA,15,Pará,tomate,2024,temporaria,127,127,2802,22063.0,12167,0.0006357342549135542
PB,25,Paraíba,tomate,2024,temporaria,883,881,26931,30569.0,69081,0.006110263818371495
PE,26,Pernambuco,tomate,2024,temporaria,2368,2213,132317,59791.0,272849,0.030020859888435673
PI,22,Piauí,tomate,2024,temporaria,182,106,3041,28689.0,6364,0.0006899599818672799
PR,41,Paraná,tomate,2024,temporaria,3845,3844,226910,59030.0,758576,0.051482676581882436
RJ,33,Rio de Janeiro,tomate,2024,temporaria,1899,1899,124069,65334.0,460064,0.028149505093815044
RN,24,Rio Grande do Norte,tomate,2024,temporaria,209,209,6399,30617.0,21629,0.001451842789861468
RO,11,Rondônia,tomate,2024,temporaria,165,161,5359,33286.0,28543,0.0012158814675523686
RR,14,Roraima,tomate,2024,temporaria,143,143,2835,19825.0,10075,0.0006432214891791314
RS,43,Rio Grande do Sul,tomate,2024,temporaria,1961,1929,92055,47722.0,411103,0.02088598031265783
SC,42,Santa Catarina,tomate,2024,temporaria,1964,1961,125349,63921.0,358516,0.028439919028964707
SE,28,Sergipe,tomate,2024,temporaria,155,155,5110,32968.0,9423,0.0011593868817302863
SP,35,São Paulo,tomate,2024,temporaria,11435,11434,856447,74904.0,2853355,0.19431573712275116
TO,17,Tocantins,tomate,2024,temporaria,,,,,,
AC,12,Acre,trigo,2014,temporaria,,,,,,
AL,27,Alagoas,trigo,2014,temporaria,,,,,,
AM,13,Amazonas,trigo,2014,temporaria,,,,,,
AP,16,Amapá,trigo,2014,temporaria,,,,,,
BA,29,Bahia,trigo,2014,temporaria,,,,,,
CE,23,Ceará,trigo,2014,temporaria,,,,,,
DF,53,Distrito Federal,trigo,2014,temporaria,1410,1410,8460,6000.0,5922,0.0013510287221360307
ES,32,Espírito Santo,trigo,2014,temporaria,,,,,,
GO,52,Goiás,trigo,2014,temporaria,8091,8091,43428,5367.0,26028,0.006935280773631624
MA,21,Maranhão,trigo,2014,temporaria,,,,,,
MG,31,Minas Gerais,trigo,2014,temporaria,67032,67032,204225,3047.0,121478,0.03261392917000365
MS,50,Mato Grosso do Sul,trigo,2014,temporaria,13122,13122,24572,1873.0,13470,0.00392405174471945
MT,51,Mato Grosso,trigo,2014,temporaria,,,,,,
PA,15,Pará,trigo,2014,temporaria,,,,,,
PB,25,Paraíba,trigo,2014,temporaria,,,,,,
PE,26,Pernambuco,trigo,2014,temporaria,,,,,,
PI,22,Piauí,trigo,2014,temporaria,,,,,,
PR,41,Paraná,trigo,2014,temporaria,1388388,1388111,3816201,2749.0,1947385,0.6094322884685865
RJ,33,Rio de Janeiro,trigo,2014,temporaria,,,,,,
RN,24,Rio Grande do Norte,trigo,2014,temporaria,,,,,,
RO,11,Rondônia,trigo,2014,temporaria,,,,,,
RR,14,Roraima,trigo,2014,temporaria,,,,,,
RS,43,Rio Grande do Sul,trigo,2014,temporaria,1181979,1180817,1670623,1415.0,676113,0.26679192161478277
SC,42,Santa Catarina,trigo,2014,temporaria,94974,94974,261308,2751.0,123595,0.04172985973096004
SE,28,Sergipe,trigo,2014,temporaria,,,,,,
SP,35,São Paulo,trigo,2014,temporaria,81790,81388,233078,2864.0,134015,0.03722163977517988
TO,17,Tocantins,trigo,2014,temporaria,,,,,,
AC,12,Acre,trigo,2015,temporaria,,,,,,
AL,27,Alagoas,trigo,2015,temporaria,,,,,,
AM,13,Amazonas,trigo,2015,temporaria,,,,,,
AP,16,Amapá,trigo,2015,temporaria,,,,,,
BA,29,Bahia,trigo,2015,temporaria,500,500,3000,6000.0,2250,0.0005446177155792073
CE,23,Ceará,trigo,2015,temporaria,,,,,,
DF,53,Distrito Federal,trigo,2015,temporaria,1600,1600,9920,6200.0,6597,0.0018008692461819122
ES,32,Espírito Santo,trigo,2015,temporaria,,,,,,
GO,52,Goiás,trigo,2015,temporaria,9190,9190,43857,4772.0,32045,0.00796176638405243
MA,21,Maranhão,trigo,2015,temporaria,,,,,,
MG,31,Minas Gerais,trigo,2015,temporaria,82109,81609,245214,3005.0,154735,0.044515962836013244
MS,50,Mato Grosso do Sul,trigo,2015,temporaria,17289,17021,31769,1866.0,18903,0.005767320068745279
MT,51,Mato Grosso,trigo,2015,temporaria,,,,,,
PA,15,Pará,trigo,2015,temporaria,,,,,,
PB,25,Paraíba,trigo,2015,temporaria,,,,,,
PE,26,Pernambuco,trigo,2015,temporaria,,,,,,
PI,22,Piauí,trigo,2015,temporaria,,,,,,
PR,41,Paraná,trigo,2015,temporaria,1320984,1318214,3330589,2527.0,1945130,0.6046325909044121
RJ,33,Rio de Janeiro,trigo,2015,temporaria,,,,,,
RN,24,Rio Grande do Norte,trigo,2015,temporaria,,,,,,
RO,11,Rondônia,trigo,2015,temporaria,,,,,,
RR,14,Roraima,trigo,2015,temporaria,,,,,,
RS,43,Rio Grande do Sul,trigo,2015,temporaria,882566,874362,1391829,1592.0,697803,0.2526715768189642
SC,42,Santa Catarina,trigo,2015,temporaria,74520,68775,131518,1912.0,65379,0.023875677572515394
SE,28,Sergipe,trigo,2015,temporaria,,,,,,
SP,35,São Paulo,trigo,2015,temporaria,101357,101357,320755,3165.0,193462,0.05822961845353621
TO,17,Tocantins,trigo,2015,temporaria,,,,,,
AC,12,Acre,trigo,2016,temporaria,,,,,,
AL,27,Alagoas,trigo,2016,temporaria,,,,,,
AM,13,Amazonas,trigo,2016,temporaria,,,,,,
AP,16,Amapá,trigo,2016,temporaria,,,,,,
BA,29,Bahia,trigo,2016,temporaria,3300,3300,19800,6000.0,13860,0.0028970998421080584
CE,23,Ceará,trigo,2016,temporaria,,,,,,
DF,53,Distrito Federal,trigo,2016,temporaria,420,420,2394,5700.0,1676,0.0003502857081821562
ES,32,Espírito Santo,trigo,2016,temporaria,,,,,,
GO,52,Goiás,trigo,2016,temporaria,12775,12775,63461,4968.0,51639,0.009285497630304016
MA,21,Maranhão,trigo,2016,temporaria,,,,,,
MG,31,Minas Gerais,trigo,2016,temporaria,81769,81669,219436,2687.0,175280,0.03210747479559717
MS,50,Mato Grosso do Sul,trigo,2016,temporaria,20855,20855,47720,2288.0,30458,0.006982303255828109
MT,51,Mato Grosso,trigo,2016,temporaria,,,,,,
PA,15,Pará,trigo,2016,temporaria,,,,,,
PB,25,Paraíba,trigo,2016,temporaria,,,,,,
PE,26,Pernambuco,trigo,2016,temporaria,,,,,,
PI,22,Piauí,trigo,2016,temporaria,,,,,,
PR,41,Paraná,trigo,2016,temporaria,1101814,1101314,3357449,3049.0,2099952,0.49125580645383127
RJ,33,Rio de Janeiro,trigo,2016,temporaria,,,,,,
RN,24,Rio Grande do Norte,trigo,2016,temporaria,,,,,,
RO,11,Rondônia,trigo,2016,temporaria,,,,,,
RR,14,Roraima,trigo,2016,temporaria,,,,,,
RS,43,Rio Grande do Sul,trigo,2016,temporaria,779045,778486,2541889,3265.0,1310525,0.371924556593748
SC,42,Santa Catarina,trigo,2016,temporaria,64325,64115,221265,3451.0,115843,0.032375090735557555
SE,28,Sergipe,trigo,2016,temporaria,,,,,,
SP,35,São Paulo,trigo,2016,temporaria,103236,103236,361007,3497.0,233727,0.05282188498484363
TO,17,Tocantins,trigo,2016,temporaria,,,,,,
AC,12,Acre,trigo,2017,temporaria,,,,,,
AL,27,Alagoas,trigo,2017,temporaria,,,,,,
AM,13,Amazonas,trigo,2017,temporaria,,,,,,
AP,16,Amapá,trigo,2017,temporaria,,,,,,
BA,29,Bahia,trigo,2017,temporaria,3229,3229,12976,4019.0,7604,0.002987925795544454
CE,23,Ceará,trigo,2017,temporaria,,,,,,
DF,53,Distrito Federal,trigo,2017,temporaria,1083,1083,5706,5269.0,3528,0.0013138952365425905
ES,32,Espírito Santo,trigo,2017,temporaria,,,,,,
GO,52,Goiás,trigo,2017,temporaria,10535,10535,52845,5016.0,35342,0.012168383066087134
MA,21,Maranhão,trigo,2017,temporaria,,,,,,
MG,31,Minas Gerais,trigo,2017,temporaria,75052,75052,199048,2652.0,138278,0.04583389748393437
MS,50,Mato Grosso do Sul,trigo,2017,temporaria,22893,22893,43065,1881.0,21888,0.009916385972959456
MT,51,Mato Grosso,trigo,2017,temporaria,,,,,,
PA,15,Pará,trigo,2017,temporaria,,,,,,
PB,25,Paraíba,trigo,2017,temporaria,,,,,,
PE,26,Pernambuco,trigo,2017,temporaria,,,,,,
PI,22,Piauí,trigo,2017,temporaria,,,,,,
PR,41,Paraná,trigo,2017,temporaria,944263,940253,2330977,2479.0,1292289,0.536743704309558
RJ,33,Rio de Janeiro,trigo,2017,temporaria,,,,,,
RN,24,Rio Grande do Norte,trigo,2017,temporaria,,,,,,
RO,11,Rondônia,trigo,2017,temporaria,,,,,,
RR,14,Roraima,trigo,2017,temporaria,,,,,,
RS,43,Rio Grande do Sul,trigo,2017,temporaria,691563,690233,1192918,1728.0,561348,0.27468792109812723
SC,42,Santa Catarina,trigo,2017,temporaria,51425,50253,123467,2457.0,66597,0.028430196840203998
SE,28,Sergipe,trigo,2017,temporaria,,,,,,
SP,35,São Paulo,trigo,2017,temporaria,112086,112086,381810,3406.0,228204,0.08791769019704283
TO,17,Tocantins,trigo,2017,temporaria,,,,,,
AC,12,Acre,trigo,2018,temporaria,,,,,,
AL,27,Alagoas,trigo,2018,temporaria,,,,,,
AM,13,Amazonas,trigo,2018,temporaria,,,,,,
AP,16,Amapá,trigo,2018,temporaria,,,,,,
BA,29,Bahia,trigo,2018,temporaria,4475,4475,26850,6000.0,18795,0.0049092780051912185
CE,23,Ceará,trigo,2018,temporaria,,,,,,
DF,53,Distrito Federal,trigo,2018,temporaria,1900,1900,7620,4011.0,6374,0.0013932476126464464
ES,32,Espírito Santo,trigo,2018,temporaria,,,,,,
GO,52,Goiás,trigo,2018,temporaria,17350,17150,75765,4418.0,58560,0.013852940337553545
MA,21,Maranhão,trigo,2018,temporaria,,,,,,
MG,31,Minas Gerais,trigo,2018,temporaria,71995,71955,198773,2762.0,141438,0.03634383303262101
MS,50,Mato Grosso do Sul,trigo,2018,temporaria,20791,20274,30164,1488.0,23690,0.005515212728066589
MT,51,Mato Grosso,trigo,2018,temporaria,,,,,,
PA,15,Pará,trigo,2018,temporaria,,,,,,
PB,25,Paraíba,trigo,2018,temporaria,,,,,,
PE,26,Pernambuco,trigo,2018,temporaria,,,,,,
PI,22,Piauí,trigo,2018,temporaria,,,,,,
PR,41,Paraná,trigo,2018,temporaria,1099866,1091952,2930537,2684.0,2145271,0.5358220051210077
RJ,33,Rio de Janeiro,trigo,2018,temporaria,,,,,,
RN,24,Rio Grande do Norte,trigo,2018,temporaria,,,,,,
RO,11,Rondônia,trigo,2018,temporaria,,,,,,
RR,14,Roraima,trigo,2018,temporaria,,,,,,
RS,43,Rio Grande do Sul,trigo,2018,temporaria,709558,709558,1750700,2467.0,1090279,0.3200995532099913
SC,42,Santa Catarina,trigo,2018,temporaria,54841,53836,147683,2743.0,98149,0.027002491755704086
SE,28,Sergipe,trigo,2018,temporaria,,,,,,
SP,35,São Paulo,trigo,2018,temporaria,109354,109104,301144,2760.0,249407,0.05506143819721804
TO,17,Tocantins,trigo,2018,temporaria,,,,,,
AC,12,Acre,trigo,2019,temporaria,,,,,,
AL,27,Alagoas,trigo,2019,temporaria,,,,,,
AM,13,Amazonas,trigo,2019,temporaria,,,,,,
AP,16,Amapá,trigo,2019,temporaria,,,,,,
BA,29,Bahia,trigo,2019,temporaria,3000,3000,14600,4867.0,10950,0.0026114260622109656
CE,23,Ceará,trigo,2019,temporaria,,,,,,
DF,53,Distrito Federal,trigo,2019,temporaria,2950,1450,6870,4738.0,4777,0.0012288011676294065
ES,32,Espírito Santo,trigo,2019,temporaria,,,,,,
GO,52,Goiás,trigo,2019,temporaria,27605,18760,67953,3622.0,60973,0.012154399671604229
MA,21,Maranhão,trigo,2019,temporaria,,,,,,
MG,31,Minas Gerais,trigo,2019,temporaria,85578,85268,242367,2842.0,204453,0.0433509246862935
MS,50,Mato Grosso do Sul,trigo,2019,temporaria,26844,26774,43120,1611.0,31394,0.007712650123461427
MT,51,Mato Grosso,trigo,2019,temporaria,,,,,,
PA,15,Pará,trigo,2019,temporaria,,,,,,
PB,25,Paraíba,trigo,2019,temporaria,,,,,,
PE,26,Pernambuco,trigo,2019,temporaria,,,,,,
PI,22,Piauí,trigo,2019,temporaria,,,,,,
PR,41,Paraná,trigo,2019,temporaria,1035444,1030101,2408810,2338.0,1828012,0.4308513159530408
RJ,33,Rio de Janeiro,trigo,2019,temporaria,,,,,,
RN,24,Rio Grande do Norte,trigo,2019,temporaria,,,,,,
RO,11,Rondônia,trigo,2019,temporaria,,,,,,
RR,14,Roraima,trigo,2019,temporaria,,,,,,
RS,43,Rio Grande do Sul,trigo,2019,temporaria,760914,760911,2287720,3007.0,1500139,0.4091925774685802
SC,42,Santa Catarina,trigo,2019,temporaria,48737,48737,146039,2996.0,105947,0.02612123634926214
SE,28,Sergipe,trigo,2019,temporaria,,,,,,
SP,35,São Paulo,trigo,2019,temporaria,128577,128577,373336,2904.0,311430,0.06677666851791733
TO,17,Tocantins,trigo,2019,temporaria,,,,,,
AC,12,Acre,trigo,2020,temporaria,,,,,,
AL,27,Alagoas,trigo,2020,temporaria,,,,,,
AM,13,Amazonas,trigo,2020,temporaria,,,,,,
AP,16,Amapá,trigo,2020,temporaria,,,,,,
BA,29,Bahia,trigo,2020,temporaria,3000,3000,17000,5667.0,17850,0.002679663982746747
CE,23,Ceará,trigo,2020,temporaria,5,5,27,5400.0,28,4.2559369137742455e-06
DF,53,Distrito Federal,trigo,2020,temporaria,2500,2500,11400,4560.0,11400,0.001796951141371348
ES,32,Espírito Santo,trigo,2020,temporaria,,,,,,
GO,52,Goiás,trigo,2020,temporaria,26000,26000,110884,4265.0,143789,0.01747834476840531
MA,21,Maranhão,trigo,2020,temporaria,,,,,,
MG,31,Minas Gerais,trigo,2020,temporaria,94992,94992,296770,3124.0,356447,0.04677905177410307
MS,50,Mato Grosso do Sul,trigo,2020,temporaria,34649,34649,73198,2113.0,71723,0.011538002600535082
MT,51,Mato Grosso,trigo,2020,temporaria,,,,,,
PA,15,Pará,trigo,2020,temporaria,,,,,,
PB,25,Paraíba,trigo,2020,temporaria,,,,,,
PE,26,Pernambuco,trigo,2020,temporaria,,,,,,
PI,22,Piauí,trigo,2020,temporaria,,,,,,
PR,41,Paraná,trigo,2020,temporaria,1117241,1117241,3123952,2796.0,3174462,0.49242009754292154
RJ,33,Rio de Janeiro,trigo,2020,temporaria,,,,,,
RN,24,Rio Grande do Norte,trigo,2020,temporaria,,,,,,
RO,11,Rondônia,trigo,2020,temporaria,,,,,,
RR,14,Roraima,trigo,2020,temporaria,,,,,,
RS,43,Rio Grande do Sul,trigo,2020,temporaria,953832,953382,2106447,2209.0,2211097,0.33203353867440805
SC,42,Santa Catarina,trigo,2020,temporaria,58367,58302,171727,2945.0,221010,0.02706886216265592
SE,28,Sergipe,trigo,2020,temporaria,,,,,,
SP,35,São Paulo,trigo,2020,temporaria,142532,142532,432674,3036.0,565972,0.06820123141593917
TO,17,Tocantins,trigo,2020,temporaria,,,,,,
AC,12,Acre,trigo,2021,temporaria,,,,,,
AL,27,Alagoas,trigo,2021,temporaria,,,,,,
AM,13,Amazonas,trigo,2021,temporaria,,,,,,
AP,16,Amapá,trigo,2021,temporaria,,,,,,
BA,29,Bahia,trigo,2021,temporaria,3032,3032,17737,5850.0,20859,0.0022513417359562135
CE,23,Ceará,trigo,2021,temporaria,18,,,,,
DF,53,Distrito Federal,trigo,2021,temporaria,3000,3000,10500,3500.0,14398,0.0013327557212347207
ES,32,Espírito Santo,trigo,2021,temporaria,,,,,,
GO,52,Goiás,trigo,2021,temporaria,20503,20503,84035,4099.0,127932,0.010666488288948549
MA,21,Maranhão,trigo,2021,temporaria,,,,,,
MG,31,Minas Gerais,trigo,2021,temporaria,78059,76129,207262,2723.0,301268,0.026307582504242925
MS,50,Mato Grosso do Sul,trigo,2021,temporaria,33330,16050,21470,1338.0,30778,0.0027251681271342337
MT,51,Mato Grosso,trigo,2021,temporaria,120,120,288,2400.0,480,3.655558549672377e-05
PA,15,Pará,trigo,2021,temporaria,,,,,,
PB,25,Paraíba,trigo,2021,temporaria,,,,,,
PE,26,Pernambuco,trigo,2021,temporaria,,,,,,
PI,22,Piauí,trigo,2021,temporaria,,,,,,
PR,41,Paraná,trigo,2021,temporaria,1156581,1152429,3235873,2808.0,4514895,0.410726500375139
RJ,33,Rio de Janeiro,trigo,2021,temporaria,,,,,,
RN,24,Rio Grande do Norte,trigo,2021,temporaria,,,,,,
RO,11,Rondônia,trigo,2021,temporaria,,,,,,
RR,14,Roraima,trigo,2021,temporaria,,,,,,
RS,43,Rio Grande do Sul,trigo,2021,temporaria,1231978,1231978,3547866,2880.0,4873775,0.4503274961594423
SC,42,Santa Catarina,trigo,2021,temporaria,96948,96948,317969,3280.0,443774,0.04035952418336028
SE,28,Sergipe,trigo,2021,temporaria,,,,,,
SP,35,São Paulo,trigo,2021,temporaria,152475,152475,435413,2856.0,676208,0.055266587319045095
TO,17,Tocantins,trigo,2021,temporaria,,,,,,
AC,12,Acre,trigo,2022,temporaria,,,,,,
AL,27,Alagoas,trigo,2022,temporaria,,,,,,
AM,13,Amazonas,trigo,2022,temporaria,,,,,,
AP,16,Amapá,trigo,2022,temporaria,,,,,,
BA,29,Bahia,trigo,2022,temporaria,3000,3000,16533,5511.0,22639,0.0015984745604412497
CE,23,Ceará,trigo,2022,temporaria,,,,,,
DF,53,Distrito Federal,trigo,2022,temporaria,3300,3300,15660,4745.0,32625,0.0015140695346585599
ES,32,Espírito Santo,trigo,2022,temporaria,,,,,,
GO,52,Goiás,trigo,2022,temporaria,21900,21900,90047,4112.0,162478,0.008706093192043381
MA,21,Maranhão,trigo,2022,temporaria,,,,,,
MG,31,Minas Gerais,trigo,2022,temporaria,100840,100840,319527,3169.0,597862,0.030893109591369455
MS,50,Mato Grosso do Sul,trigo,2022,temporaria,23805,23802,52101,2189.0,76132,0.005037326744907128
MT,51,Mato Grosso,trigo,2022,temporaria,,,,,,
PA,15,Pará,trigo,2022,temporaria,,,,,,
PB,25,Paraíba,trigo,2022,temporaria,,,,,,
PE,26,Pernambuco,trigo,2022,temporaria,,,,,,
PI,22,Piauí,trigo,2022,temporaria,,,,,,
PR,41,Paraná,trigo,2022,temporaria,1193347,1192847,3611026,3027.0,5578125,0.3491279984329477
RJ,33,Rio de Janeiro,trigo,2022,temporaria,,,,,,
RN,24,Rio Grande do Norte,trigo,2022,temporaria,,,,,,
RO,11,Rondônia,trigo,2022,temporaria,,,,,,
RR,14,Roraima,trigo,2022,temporaria,,,,,,
RS,43,Rio Grande do Sul,trigo,2022,temporaria,1532710,1532710,5299994,3458.0,7658810,0.5124239750493716
SC,42,Santa Catarina,trigo,2022,temporaria,127622,127622,438902,3439.0,692100,0.04243474756709523
SE,28,Sergipe,trigo,2022,temporaria,,,,,,
SP,35,São Paulo,trigo,2022,temporaria,161077,161077,499196,3099.0,878881,0.048264205327165674
TO,17,Tocantins,trigo,2022,temporaria,,,,,,
AC,12,Acre,trigo,2023,temporaria,,,,,,
AL,27,Alagoas,trigo,2023,temporaria,,,,,,
AM,13,Amazonas,trigo,2023,temporaria,,,,,,
AP,16,Amapá,trigo,2023,temporaria,,,,,,
BA,29,Bahia,trigo,2023,temporaria,5040,5040,26222,5203.0,31783,0.003392155533604099
CE,23,Ceará,trigo,2023,temporaria,,,,,,
DF,53,Distrito Federal,trigo,2023,temporaria,3200,3200,10920,3413.0,21840,0.0014126435217358233
ES,32,Espírito Santo,trigo,2023,temporaria,460,380,1566,4121.0,1784,0.0002025823951500274
GO,52,Goiás,trigo,2023,temporaria,29853,29853,124911,4184.0,159902,0.016158856679811668
MA,21,Maranhão,trigo,2023,temporaria,,,,,,
MG,31,Minas Gerais,trigo,2023,temporaria,140395,140395,459229,3271.0,591282,0.0594072226962656
MS,50,Mato Grosso do Sul,trigo,2023,temporaria,48877,48877,128777,2635.0,130909,0.016658973882653305
MT,51,Mato Grosso,trigo,2023,temporaria,570,570,1393,2444.0,1930,0.0001802026030932236
PA,15,Pará,trigo,2023,temporaria,,,,,,
PB,25,Paraíba,trigo,2023,temporaria,,,,,,
PE,26,Pernambuco,trigo,2023,temporaria,,,,,,
PI,22,Piauí,trigo,2023,temporaria,,,,,,
PR,41,Paraná,trigo,2023,temporaria,1320746,1318386,3639645,2761.0,3781156,0.4708352500611887
RJ,33,Rio de Janeiro,trigo,2023,temporaria,,,,,,
RN,24,Rio Grande do Norte,trigo,2023,temporaria,,,,,,
RO,11,Rondônia,trigo,2023,temporaria,,,,,,
RR,14,Roraima,trigo,2023,temporaria,,,,,,
RS,43,Rio Grande do Sul,trigo,2023,temporaria,1505807,1496716,2587340,1729.0,2076418,0.334705960579484
SC,42,Santa Catarina,trigo,2023,temporaria,130765,126105,288123,2285.0,276699,0.03727244408544786
SE,28,Sergipe,trigo,2023,temporaria,,,,,,
SP,35,São Paulo,trigo,2023,temporaria,160781,160781,462062,2874.0,588987,0.059773707961565746
TO,17,Tocantins,trigo,2023,temporaria,,,,,,
AC,12,Acre,trigo,2024,temporaria,,,,,,
AL,27,Alagoas,trigo,2024,temporaria,,,,,,
AM,13,Amazonas,trigo,2024,temporaria,,,,,,
AP,16,Amapá,trigo,2024,temporaria,,,,,,
BA,29,Bahia,trigo,2024,temporaria,5522,5522,28923,5238.0,35478,0.0038460525801383956
CE,23,Ceará,trigo,2024,temporaria,,,,,,
DF,53,Distrito Federal,trigo,2024,temporaria,5300,5300,19140,3611.0,25839,0.0025451525216557374
ES,32,Espírito Santo,trigo,2024,temporaria,,,,,,
GO,52,Goiás,trigo,2024,temporaria,36502,36502,132252,3623.0,169237,0.01758628585653159
MA,21,Maranhão,trigo,2024,temporaria,,,,,,
MG,31,Minas Gerais,trigo,2024,temporaria,143947,140907,403074,2861.0,489207,0.05359899725777768
MS,50,Mato Grosso do Sul,trigo,2024,temporaria,44496,44426,43150,971.0,50931,0.005737896097672156
MT,51,Mato Grosso,trigo,2024,temporaria,800,800,1406,1758.0,1874,0.00018696365963677988
PA,15,Pará,trigo,2024,temporaria,,,,,,
PB,25,Paraíba,trigo,2024,temporaria,,,,,,
PE,26,Pernambuco,trigo,2024,temporaria,,,,,,
PI,22,Piauí,trigo,2024,temporaria,,,,,,
PR,41,Paraná,trigo,2024,temporaria,1100187,1086867,2430551,2236.0,2914953,0.3232039188434104
RJ,33,Rio de Janeiro,trigo,2024,temporaria,,,,,,
RN,24,Rio Grande do Norte,trigo,2024,temporaria,,,,,,
RO,11,Rondônia,trigo,2024,temporaria,,,,,,
RR,14,Roraima,trigo,2024,temporaria,,,,,,
RS,43,Rio Grande do Sul,trigo,2024,temporaria,1332013,1331698,3628046,2724.0,3975990,0.4824415060388198
SC,42,Santa Catarina,trigo,2024,temporaria,122132,122102,421315,3451.0,510533,0.056024604736749584
SE,28,Sergipe,trigo,2024,temporaria,,,,,,
SP,35,São Paulo,trigo,2024,temporaria,142364,141894,412321,2906.0,596227,0.054828622407607906
TO,17,Tocantins,trigo,2024,temporaria,,,,,,
